variant,model,config,accuracy,precision,recall,f1_macro,auc_roc,balanced_accuracy,horizon,ticker,n_train,n_test,n_features,train_start,train_end,test_start,test_end
vn30_direct_material,Logistic_Regression,Config_A,0.4938218390804598,0.4888945621649221,0.5573341094295693,0.4922028015278847,0.5034795495118125,0.494614841320914,10d,ALL,27900,6960,26,2021-10-13,2025-07-07,2025-07-08,2026-06-12
vn30_direct_material,Random_Forest,Config_A,0.5120689655172413,0.5060753341433779,0.4848661233993015,0.5115262168693184,0.5213571267173112,0.5117293159561774,10d,ALL,27900,6960,26,2021-10-13,2025-07-07,2025-07-08,2026-06-12
vn30_direct_material,XGBoost,Config_A,0.5100574712643678,0.5039346246973365,0.4845750873108265,0.5095674598910591,0.5151797948938858,0.5097393030197719,10d,ALL,27900,6960,26,2021-10-13,2025-07-07,2025-07-08,2026-06-12
vn30_direct_material,LightGBM,Config_A,0.5133620689655173,0.507359567437669,0.4915599534342258,0.5129797747377131,0.5159402133912279,0.5130898518589971,10d,ALL,27900,6960,26,2021-10-13,2025-07-07,2025-07-08,2026-06-12
vn30_direct_material,Logistic_Regression,Config_LLM,0.493103448275862,0.491723641597697,0.7954016298020955,0.4457693679667891,0.4973134082076801,0.4968778864106958,10d,ALL,27900,6960,141,2021-10-13,2025-07-07,2025-07-08,2026-06-12
vn30_direct_material,Random_Forest,Config_LLM,0.5093390804597702,0.5034347399411188,0.4479045401629802,0.507120085055607,0.506228618262399,0.5085720203652586,10d,ALL,27900,6960,141,2021-10-13,2025-07-07,2025-07-08,2026-06-12
vn30_direct_material,XGBoost,Config_LLM,0.5099137931034483,0.5042158516020236,0.4350989522700815,0.5067318809637882,0.5062837862837103,0.5089796690975833,10d,ALL,27900,6960,141,2021-10-13,2025-07-07,2025-07-08,2026-06-12
vn30_direct_material,LightGBM,Config_LLM,0.5093390804597702,0.5043298969072165,0.3559371362048894,0.496792540443338,0.506002867085371,0.5074237326881428,10d,ALL,27900,6960,141,2021-10-13,2025-07-07,2025-07-08,2026-06-12
vn30_direct_material,Logistic_Regression,Config_Hybrid,0.5063218390804598,0.5,0.5337601862630966,0.5061104238040858,0.5199976644436487,0.5066644291133872,10d,ALL,27900,6960,167,2021-10-13,2025-07-07,2025-07-08,2026-06-12
vn30_direct_material,Random_Forest,Config_Hybrid,0.5252873563218391,0.5196195005945303,0.5087310826542492,0.5250363516192994,0.5311356584947522,0.5250806378083959,10d,ALL,27900,6960,167,2021-10-13,2025-07-07,2025-07-08,2026-06-12
vn30_direct_material,XGBoost,Config_Hybrid,0.5172413793103449,0.5118085767557489,0.479336437718277,0.5163064157158717,0.518009551004983,0.5167681053517605,10d,ALL,27900,6960,167,2021-10-13,2025-07-07,2025-07-08,2026-06-12
vn30_direct_material,LightGBM,Config_Hybrid,0.507183908045977,0.50093399750934,0.4682770663562282,0.5061915938886308,0.5124792872159508,0.5066981245515534,10d,ALL,27900,6960,167,2021-10-13,2025-07-07,2025-07-08,2026-06-12
vn30_direct_material,Logistic_Regression,Config_A,0.5153846153846153,0.4692373121633116,0.5196232339089482,0.5144499391040488,0.5250231385303094,0.5157438203443045,1d,ALL,28110,7020,26,2021-10-13,2025-07-16,2025-07-17,2026-06-25
vn30_direct_material,Random_Forest,Config_A,0.5401709401709401,0.4894348894348894,0.3127158555729984,0.5078114004222378,0.5268043857799865,0.520895085543996,1d,ALL,28110,7020,26,2021-10-13,2025-07-16,2025-07-17,2026-06-25
vn30_direct_material,XGBoost,Config_A,0.5076923076923077,0.45949177877429,0.482574568288854,0.5052819823696022,0.5156066060964553,0.5055636857089642,1d,ALL,28110,7020,26,2021-10-13,2025-07-16,2025-07-17,2026-06-25
vn30_direct_material,LightGBM,Config_A,0.5235042735042735,0.4757281553398058,0.4923076923076923,0.5206785466851225,0.5305988182054489,0.5208604954367666,1d,ALL,28110,7020,26,2021-10-13,2025-07-16,2025-07-17,2026-06-25
vn30_direct_material,Logistic_Regression,Config_LLM,0.5329059829059829,0.4639570552147239,0.1899529042386185,0.463116473663947,0.5066533354892453,0.5038421626799351,1d,ALL,28110,7020,141,2021-10-13,2025-07-16,2025-07-17,2026-06-25
vn30_direct_material,Random_Forest,Config_LLM,0.5132478632478632,0.4638629283489096,0.4675039246467818,0.5093587565089019,0.5132498531455507,0.5093712582816698,1d,ALL,28110,7020,141,2021-10-13,2025-07-16,2025-07-17,2026-06-25
vn30_direct_material,XGBoost,Config_LLM,0.5166666666666667,0.464841108857336,0.4317111459968603,0.509003588052764,0.5156937567926578,0.5094670462709203,1d,ALL,28110,7020,141,2021-10-13,2025-07-16,2025-07-17,2026-06-25
vn30_direct_material,LightGBM,Config_LLM,0.5085470085470085,0.4587612822906941,0.4627943485086342,0.5046582454818753,0.5077643942944744,0.5046696644759598,1d,ALL,28110,7020,141,2021-10-13,2025-07-16,2025-07-17,2026-06-25
vn30_direct_material,Logistic_Regression,Config_Hybrid,0.5286324786324786,0.4801663467690339,0.4712715855572998,0.5237747792183558,0.5321328996948294,0.523771385998989,1d,ALL,28110,7020,167,2021-10-13,2025-07-16,2025-07-17,2026-06-25
vn30_direct_material,Random_Forest,Config_Hybrid,0.5383190883190884,0.4856115107913669,0.2967032967032967,0.5022799116181087,0.5237835437053169,0.5178431737753771,1d,ALL,28110,7020,167,2021-10-13,2025-07-16,2025-07-17,2026-06-25
vn30_direct_material,XGBoost,Config_Hybrid,0.5206552706552706,0.4723587223587223,0.4828885400313972,0.5173720857664391,0.5265026536138475,0.517454700263417,1d,ALL,28110,7020,167,2021-10-13,2025-07-16,2025-07-17,2026-06-25
vn30_direct_material,LightGBM,Config_Hybrid,0.5321937321937322,0.4842004468560485,0.4762951334379905,0.5274684163573052,0.5386956459446681,0.5274565628076524,1d,ALL,28110,7020,167,2021-10-13,2025-07-16,2025-07-17,2026-06-25
vn30_direct_material,Logistic_Regression,Config_A,0.4905797101449275,0.4943132108486439,0.4876294591484464,0.4905794426483105,0.4897319940204123,0.4906021127517933,20d,ALL,27660,6900,26,2021-10-13,2025-06-25,2025-06-26,2026-05-29
vn30_direct_material,Random_Forest,Config_A,0.5042028985507246,0.5084589357120886,0.4755466052934407,0.5038910303433553,0.5143919537039028,0.5044204989084027,20d,ALL,27660,6900,26,2021-10-13,2025-06-25,2025-06-26,2026-05-29
vn30_direct_material,XGBoost,Config_A,0.5114492753623189,0.5167144221585482,0.466915995397008,0.5106260560849778,0.5057455479092953,0.5117874369508405,20d,ALL,27660,6900,26,2021-10-13,2025-06-25,2025-06-26,2026-05-29
vn30_direct_material,LightGBM,Config_A,0.4978260869565217,0.5017182130584192,0.4620253164556962,0.4973010141174342,0.500714344288741,0.4980979386016799,20d,ALL,27660,6900,26,2021-10-13,2025-06-25,2025-06-26,2026-05-29
vn30_direct_material,Logistic_Regression,Config_LLM,0.5018840579710145,0.5034216529215652,0.8253739930955121,0.4411299801163562,0.496056360772937,0.4994276507533635,20d,ALL,27660,6900,141,2021-10-13,2025-06-25,2025-06-26,2026-05-29
vn30_direct_material,Random_Forest,Config_LLM,0.4878260869565217,0.4908575031525851,0.4479286536248562,0.4871420177840234,0.4827753292268479,0.4881290464385963,20d,ALL,27660,6900,141,2021-10-13,2025-06-25,2025-06-26,2026-05-29
vn30_direct_material,XGBoost,Config_LLM,0.4991304347826087,0.5036179450072359,0.4004602991944764,0.4945054945054945,0.4866332252938709,0.4998796823075185,20d,ALL,27660,6900,141,2021-10-13,2025-06-25,2025-06-26,2026-05-29
vn30_direct_material,LightGBM,Config_LLM,0.492463768115942,0.4950682852807284,0.3754315304948216,0.4857568536809933,0.4840675681307336,0.4933524474904015,20d,ALL,27660,6900,141,2021-10-13,2025-06-25,2025-06-26,2026-05-29
vn30_direct_material,Logistic_Regression,Config_Hybrid,0.4944927536231884,0.4982708933717579,0.4974108170310702,0.4944702856358833,0.4956651182205349,0.4944705954314229,20d,ALL,27660,6900,167,2021-10-13,2025-06-25,2025-06-26,2026-05-29
vn30_direct_material,Random_Forest,Config_Hybrid,0.516231884057971,0.5206958608278345,0.4994246260069045,0.5161495654585216,0.5169742049621974,0.5163595092651345,20d,ALL,27660,6900,167,2021-10-13,2025-06-25,2025-06-26,2026-05-29
vn30_direct_material,XGBoost,Config_Hybrid,0.505072463768116,0.5088895365782571,0.502301495972382,0.5050719543903752,0.5069074286428702,0.5050935049955368,20d,ALL,27660,6900,167,2021-10-13,2025-06-25,2025-06-26,2026-05-29
vn30_direct_material,LightGBM,Config_Hybrid,0.5128985507246376,0.5180307306365632,0.475258918296893,0.5123328835011837,0.5064956850311346,0.5131843656905025,20d,ALL,27660,6900,167,2021-10-13,2025-06-25,2025-06-26,2026-05-29
vn30_direct_material,Logistic_Regression,Config_A,0.5064377682403434,0.4912774338773213,0.5153482880755608,0.5064144931957225,0.521705932752826,0.5067024616391129,5d,ALL,28020,6990,26,2021-10-13,2025-07-11,2025-07-14,2026-06-19
vn30_direct_material,Random_Forest,Config_A,0.51931330472103,0.5047425474254743,0.4397874852420307,0.5151204849125472,0.5180186528932176,0.5169509330707656,5d,ALL,28020,6990,26,2021-10-13,2025-07-11,2025-07-14,2026-06-19
vn30_direct_material,XGBoost,Config_A,0.5226037195994278,0.5079167960260789,0.4828807556080283,0.5211811719604125,0.5251308714757051,0.5214237203914656,5d,ALL,28020,6990,26,2021-10-13,2025-07-11,2025-07-14,2026-06-19
vn30_direct_material,LightGBM,Config_A,0.5220314735336195,0.5075441412520064,0.4666469893742621,0.519700077315372,0.5259861945383878,0.5203862376077307,5d,ALL,28020,6990,26,2021-10-13,2025-07-11,2025-07-14,2026-06-19
vn30_direct_material,Logistic_Regression,Config_LLM,0.5012875536480687,0.4443181818181818,0.1154073199527744,0.4121432977338733,0.4907339045538783,0.489824703840907,5d,ALL,28020,6990,141,2021-10-13,2025-07-11,2025-07-14,2026-06-19
vn30_direct_material,Random_Forest,Config_LLM,0.5024320457796853,0.4865671641791044,0.4811097992916174,0.5017845097227683,0.4973308233586614,0.5017986531161029,5d,ALL,28020,6990,141,2021-10-13,2025-07-11,2025-07-14,2026-06-19
vn30_direct_material,XGBoost,Config_LLM,0.5022889842632332,0.4857679074131998,0.4583825265643447,0.500612523699292,0.4961128197177614,0.50098471136657,5d,ALL,28020,6990,141,2021-10-13,2025-07-11,2025-07-14,2026-06-19
vn30_direct_material,LightGBM,Config_LLM,0.4978540772532189,0.4809016906700062,0.4533648170011806,0.4961374418620125,0.4926874303073132,0.496532491787653,5d,ALL,28020,6990,141,2021-10-13,2025-07-11,2025-07-14,2026-06-19
vn30_direct_material,Logistic_Regression,Config_Hybrid,0.5,0.4847621760182284,0.5023612750885478,0.4999152436882647,0.5169575704695083,0.5000701433743683,5d,ALL,28020,6990,167,2021-10-13,2025-07-11,2025-07-14,2026-06-19
vn30_direct_material,Random_Forest,Config_Hybrid,0.5216022889842632,0.5076976906927921,0.4282762691853601,0.5161204179208441,0.5239741613441832,0.5188299724605312,5d,ALL,28020,6990,167,2021-10-13,2025-07-11,2025-07-14,2026-06-19
vn30_direct_material,XGBoost,Config_Hybrid,0.5125894134477825,0.4968386023294509,0.4406729634002361,0.5090078814826691,0.5111863522626483,0.5104530835879582,5d,ALL,28020,6990,167,2021-10-13,2025-07-11,2025-07-14,2026-06-19
vn30_direct_material,LightGBM,Config_Hybrid,0.5171673819742489,0.5022086306489976,0.436245572609209,0.5128373564523504,0.5152048874854387,0.5147635414406401,5d,ALL,28020,6990,167,2021-10-13,2025-07-11,2025-07-14,2026-06-19
vn30_direct_material,Logistic_Regression,Config_A,0.5052552552552553,0.5431261770244821,0.409194097616345,0.5026611110505498,0.5245491375466191,0.511197814114295,60d,ALL,26700,6660,26,2021-10-13,2025-05-12,2025-05-13,2026-03-31
vn30_direct_material,Random_Forest,Config_A,0.4857357357357357,0.5193283873486919,0.3774120317820658,0.4818736410412499,0.5074733532743403,0.4924368832379717,60d,ALL,26700,6660,26,2021-10-13,2025-05-12,2025-05-13,2026-03-31
vn30_direct_material,XGBoost,Config_A,0.5007507507507507,0.5378759040730872,0.4009648127128263,0.4978175034632552,0.515779552456624,0.5069237328870254,60d,ALL,26700,6660,26,2021-10-13,2025-05-12,2025-05-13,2026-03-31
vn30_direct_material,LightGBM,Config_A,0.5139639639639639,0.5590778097982709,0.3853575482406356,0.5084243341312294,0.5311257155742547,0.5219198455488893,60d,ALL,26700,6660,26,2021-10-13,2025-05-12,2025-05-13,2026-03-31
vn30_direct_material,Logistic_Regression,Config_LLM,0.5085585585585586,0.5220523633807767,0.8430760499432464,0.4237489450486847,0.502301682413885,0.4878645555838681,60d,ALL,26700,6660,141,2021-10-13,2025-05-12,2025-05-13,2026-03-31
vn30_direct_material,Random_Forest,Config_LLM,0.5241741741741742,0.5573876495311995,0.489216799091941,0.5241543381528204,0.5276987772620398,0.5263367158725011,60d,ALL,26700,6660,141,2021-10-13,2025-05-12,2025-05-13,2026-03-31
vn30_direct_material,XGBoost,Config_LLM,0.528078078078078,0.5614317961947759,0.4940408626560726,0.5280650443163724,0.5198516205929024,0.5301836966341588,60d,ALL,26700,6660,141,2021-10-13,2025-05-12,2025-05-13,2026-03-31
vn30_direct_material,LightGBM,Config_LLM,0.5183183183183183,0.5524568393094289,0.4721906923950056,0.5181512840350108,0.5062689209125761,0.5211718768097477,60d,ALL,26700,6660,141,2021-10-13,2025-05-12,2025-05-13,2026-03-31
vn30_direct_material,Logistic_Regression,Config_Hybrid,0.5166666666666667,0.5527499135247319,0.4534619750283768,0.51601170094304,0.5360284579211935,0.5205766507794946,60d,ALL,26700,6660,167,2021-10-13,2025-05-12,2025-05-13,2026-03-31
vn30_direct_material,Random_Forest,Config_Hybrid,0.5139639639639639,0.5546666666666666,0.4131668558456299,0.5110857302566155,0.526000283768445,0.5201994993513864,60d,ALL,26700,6660,167,2021-10-13,2025-05-12,2025-05-13,2026-03-31
vn30_direct_material,XGBoost,Config_Hybrid,0.5106606606606606,0.5445378151260504,0.4597048808172531,0.5103745280898605,0.5214730640766523,0.5138128995923,60d,ALL,26700,6660,167,2021-10-13,2025-05-12,2025-05-13,2026-03-31
vn30_direct_material,LightGBM,Config_Hybrid,0.5072072072072072,0.5422486033519553,0.4406923950056753,0.5063838681948735,0.5236676546682806,0.5113219628089601,60d,ALL,26700,6660,167,2021-10-13,2025-05-12,2025-05-13,2026-03-31
vn30_direct_material_lag1,Logistic_Regression,Config_A,0.4938218390804598,0.4888945621649221,0.5573341094295693,0.4922028015278847,0.5034795495118125,0.494614841320914,10d,ALL,27900,6960,26,2021-10-13,2025-07-07,2025-07-08,2026-06-12
vn30_direct_material_lag1,Random_Forest,Config_A,0.5120689655172413,0.5060753341433779,0.4848661233993015,0.5115262168693184,0.5213571267173112,0.5117293159561774,10d,ALL,27900,6960,26,2021-10-13,2025-07-07,2025-07-08,2026-06-12
vn30_direct_material_lag1,XGBoost,Config_A,0.5100574712643678,0.5039346246973365,0.4845750873108265,0.5095674598910591,0.5151797948938858,0.5097393030197719,10d,ALL,27900,6960,26,2021-10-13,2025-07-07,2025-07-08,2026-06-12
vn30_direct_material_lag1,LightGBM,Config_A,0.5133620689655173,0.507359567437669,0.4915599534342258,0.5129797747377131,0.5159402133912279,0.5130898518589971,10d,ALL,27900,6960,26,2021-10-13,2025-07-07,2025-07-08,2026-06-12
vn30_direct_material_lag1,Logistic_Regression,Config_LLM,0.492816091954023,0.4915830945558739,0.7988940628637952,0.4441196434227793,0.4938361298344695,0.4966377238269032,10d,ALL,27900,6960,141,2021-10-13,2025-07-07,2025-07-08,2026-06-12
vn30_direct_material_lag1,Random_Forest,Config_LLM,0.5147988505747126,0.5093502377179081,0.4676949941792782,0.5134311893946353,0.5121378318505139,0.5142107206991737,10d,ALL,27900,6960,141,2021-10-13,2025-07-07,2025-07-08,2026-06-12
vn30_direct_material_lag1,XGBoost,Config_LLM,0.5147988505747126,0.5102966841186737,0.4254947613504074,0.510409652328221,0.5101803168428299,0.5136838165435351,10d,ALL,27900,6960,141,2021-10-13,2025-07-07,2025-07-08,2026-06-12
vn30_direct_material_lag1,LightGBM,Config_LLM,0.516235632183908,0.5135135135135135,0.3815483119906868,0.5066330048749274,0.5129058070453858,0.5145539516820631,10d,ALL,27900,6960,141,2021-10-13,2025-07-07,2025-07-08,2026-06-12
vn30_direct_material_lag1,Logistic_Regression,Config_Hybrid,0.5110632183908046,0.5045217867909016,0.5357974388824214,0.5109054593118673,0.5233255018968549,0.5113720452073856,10d,ALL,27900,6960,167,2021-10-13,2025-07-07,2025-07-08,2026-06-12
vn30_direct_material_lag1,Random_Forest,Config_Hybrid,0.5228448275862069,0.5177195685670262,0.4889406286379511,0.5220768509743008,0.5261275501170091,0.5224215061464443,10d,ALL,27900,6960,167,2021-10-13,2025-07-07,2025-07-08,2026-06-12
vn30_direct_material_lag1,XGBoost,Config_Hybrid,0.5195402298850574,0.5134189031505251,0.5122235157159488,0.5194488051630908,0.5258081041492959,0.5194488747705737,10d,ALL,27900,6960,167,2021-10-13,2025-07-07,2025-07-08,2026-06-12
vn30_direct_material_lag1,LightGBM,Config_Hybrid,0.5181034482758621,0.5130656469088591,0.4685681024447031,0.5166166645310739,0.5244862601895666,0.5174849592813754,10d,ALL,27900,6960,167,2021-10-13,2025-07-07,2025-07-08,2026-06-12
vn30_direct_material_lag1,Logistic_Regression,Config_A,0.5153846153846153,0.4692373121633116,0.5196232339089482,0.5144499391040488,0.5250231385303094,0.5157438203443045,1d,ALL,28110,7020,26,2021-10-13,2025-07-16,2025-07-17,2026-06-25
vn30_direct_material_lag1,Random_Forest,Config_A,0.5401709401709401,0.4894348894348894,0.3127158555729984,0.5078114004222378,0.5268043857799865,0.520895085543996,1d,ALL,28110,7020,26,2021-10-13,2025-07-16,2025-07-17,2026-06-25
vn30_direct_material_lag1,XGBoost,Config_A,0.5076923076923077,0.45949177877429,0.482574568288854,0.5052819823696022,0.5156066060964553,0.5055636857089642,1d,ALL,28110,7020,26,2021-10-13,2025-07-16,2025-07-17,2026-06-25
vn30_direct_material_lag1,LightGBM,Config_A,0.5235042735042735,0.4757281553398058,0.4923076923076923,0.5206785466851225,0.5305988182054489,0.5208604954367666,1d,ALL,28110,7020,26,2021-10-13,2025-07-16,2025-07-17,2026-06-25
vn30_direct_material_lag1,Logistic_Regression,Config_LLM,0.5290598290598291,0.4563806777217015,0.1987441130298273,0.4638633573845094,0.5045128423448407,0.5010669717691509,1d,ALL,28110,7020,141,2021-10-13,2025-07-16,2025-07-17,2026-06-25
vn30_direct_material_lag1,Random_Forest,Config_LLM,0.5159544159544159,0.4660936007640878,0.4596546310832025,0.5111769634165324,0.5143313159182037,0.5111832477449911,1d,ALL,28110,7020,141,2021-10-13,2025-07-16,2025-07-17,2026-06-25
vn30_direct_material_lag1,XGBoost,Config_LLM,0.5146723646723647,0.4637491835401698,0.4458398744113029,0.508715498722333,0.5139984321880392,0.508839102785834,1d,ALL,28110,7020,141,2021-10-13,2025-07-16,2025-07-17,2026-06-25
vn30_direct_material_lag1,LightGBM,Config_LLM,0.5148148148148148,0.4621963735887786,0.4241758241758241,0.5064853811424614,0.512168758788241,0.50713354442168,1d,ALL,28110,7020,141,2021-10-13,2025-07-16,2025-07-17,2026-06-25
vn30_direct_material_lag1,Logistic_Regression,Config_Hybrid,0.5243589743589744,0.4756637168141593,0.4725274725274725,0.5199733017457511,0.5303282376033354,0.5199664742037624,1d,ALL,28110,7020,167,2021-10-13,2025-07-16,2025-07-17,2026-06-25
vn30_direct_material_lag1,Random_Forest,Config_Hybrid,0.5326210826210827,0.4765395894428152,0.3061224489795918,0.500158843733075,0.5197999095335657,0.5134262831599393,1d,ALL,28110,7020,167,2021-10-13,2025-07-16,2025-07-17,2026-06-25
vn30_direct_material_lag1,XGBoost,Config_Hybrid,0.5287749287749288,0.4802441374879537,0.4693877551020408,0.5237370587276439,0.5264205379273362,0.523742117446718,1d,ALL,28110,7020,167,2021-10-13,2025-07-16,2025-07-17,2026-06-25
vn30_direct_material_lag1,LightGBM,Config_Hybrid,0.527920227920228,0.4791194561346714,0.4646781789638932,0.5225282122418649,0.5344272267125685,0.5225607322459622,1d,ALL,28110,7020,167,2021-10-13,2025-07-16,2025-07-17,2026-06-25
vn30_direct_material_lag1,Logistic_Regression,Config_A,0.4905797101449275,0.4943132108486439,0.4876294591484464,0.4905794426483105,0.4897319940204123,0.4906021127517933,20d,ALL,27660,6900,26,2021-10-13,2025-06-25,2025-06-26,2026-05-29
vn30_direct_material_lag1,Random_Forest,Config_A,0.5042028985507246,0.5084589357120886,0.4755466052934407,0.5038910303433553,0.5143919537039028,0.5044204989084027,20d,ALL,27660,6900,26,2021-10-13,2025-06-25,2025-06-26,2026-05-29
vn30_direct_material_lag1,XGBoost,Config_A,0.5114492753623189,0.5167144221585482,0.466915995397008,0.5106260560849778,0.5057455479092953,0.5117874369508405,20d,ALL,27660,6900,26,2021-10-13,2025-06-25,2025-06-26,2026-05-29
vn30_direct_material_lag1,LightGBM,Config_A,0.4978260869565217,0.5017182130584192,0.4620253164556962,0.4973010141174342,0.500714344288741,0.4980979386016799,20d,ALL,27660,6900,26,2021-10-13,2025-06-25,2025-06-26,2026-05-29
vn30_direct_material_lag1,Logistic_Regression,Config_LLM,0.4913043478260869,0.4969761650658129,0.8037974683544303,0.4338550341622518,0.4924000304491143,0.488931444457589,20d,ALL,27660,6900,141,2021-10-13,2025-06-25,2025-06-26,2026-05-29
vn30_direct_material_lag1,Random_Forest,Config_LLM,0.4882608695652174,0.4912726118692478,0.4453394706559263,0.4874585338599043,0.4844863274738392,0.4885867914027295,20d,ALL,27660,6900,141,2021-10-13,2025-06-25,2025-06-26,2026-05-29
vn30_direct_material_lag1,XGBoost,Config_LLM,0.4860869565217391,0.4881033310673011,0.4131185270425777,0.4835669018463463,0.4778320533054428,0.4866410392222234,20d,ALL,27660,6900,141,2021-10-13,2025-06-25,2025-06-26,2026-05-29
vn30_direct_material_lag1,LightGBM,Config_LLM,0.4921739130434782,0.4946889226100152,0.3751438434982739,0.4854631682747574,0.475561308922061,0.4930625759547444,20d,ALL,27660,6900,141,2021-10-13,2025-06-25,2025-06-26,2026-05-29
vn30_direct_material_lag1,Logistic_Regression,Config_Hybrid,0.4907246376811594,0.4946175637393767,0.502301495972382,0.4906044198962813,0.4921296937343384,0.4906367292946022,20d,ALL,27660,6900,167,2021-10-13,2025-06-25,2025-06-26,2026-05-29
vn30_direct_material_lag1,Random_Forest,Config_Hybrid,0.5165217391304348,0.520933014354067,0.501150747986191,0.5164567385659908,0.516435884113225,0.516638458105245,20d,ALL,27660,6900,167,2021-10-13,2025-06-25,2025-06-26,2026-05-29
vn30_direct_material_lag1,XGBoost,Config_Hybrid,0.4978260869565217,0.5016067776803973,0.4939585730724971,0.4978260764088653,0.4936694577234548,0.4978554547605476,20d,ALL,27660,6900,167,2021-10-13,2025-06-25,2025-06-26,2026-05-29
vn30_direct_material_lag1,LightGBM,Config_Hybrid,0.5020289855072464,0.5061576354679803,0.4729574223245109,0.5017047848648598,0.5013021533506125,0.5022497391996387,20d,ALL,27660,6900,167,2021-10-13,2025-06-25,2025-06-26,2026-05-29
vn30_direct_material_lag1,Logistic_Regression,Config_A,0.5064377682403434,0.4912774338773213,0.5153482880755608,0.5064144931957225,0.521705932752826,0.5067024616391129,5d,ALL,28020,6990,26,2021-10-13,2025-07-11,2025-07-14,2026-06-19
vn30_direct_material_lag1,Random_Forest,Config_A,0.51931330472103,0.5047425474254743,0.4397874852420307,0.5151204849125472,0.5180186528932176,0.5169509330707656,5d,ALL,28020,6990,26,2021-10-13,2025-07-11,2025-07-14,2026-06-19
vn30_direct_material_lag1,XGBoost,Config_A,0.5226037195994278,0.5079167960260789,0.4828807556080283,0.5211811719604125,0.5251308714757051,0.5214237203914656,5d,ALL,28020,6990,26,2021-10-13,2025-07-11,2025-07-14,2026-06-19
vn30_direct_material_lag1,LightGBM,Config_A,0.5220314735336195,0.5075441412520064,0.4666469893742621,0.519700077315372,0.5259861945383878,0.5203862376077307,5d,ALL,28020,6990,26,2021-10-13,2025-07-11,2025-07-14,2026-06-19
vn30_direct_material_lag1,Logistic_Regression,Config_LLM,0.5005722460658083,0.4450373532550694,0.1230814639905549,0.4156290280575819,0.4916660493612692,0.4893586109514129,5d,ALL,28020,6990,141,2021-10-13,2025-07-11,2025-07-14,2026-06-19
vn30_direct_material_lag1,Random_Forest,Config_LLM,0.4998569384835479,0.4832402234636871,0.4595631641086186,0.4983744460204821,0.4990572435489401,0.4986599829427046,5d,ALL,28020,6990,141,2021-10-13,2025-07-11,2025-07-14,2026-06-19
vn30_direct_material_lag1,XGBoost,Config_LLM,0.4994277539341917,0.4834377797672337,0.4781582054309327,0.4987814746938133,0.4999578402265041,0.4987959267021404,5d,ALL,28020,6990,141,2021-10-13,2025-07-11,2025-07-14,2026-06-19
vn30_direct_material_lag1,LightGBM,Config_LLM,0.4937052932761087,0.4770864946889226,0.4639905548996458,0.4927267853892265,0.4955186905870869,0.4928225956064025,5d,ALL,28020,6990,141,2021-10-13,2025-07-11,2025-07-14,2026-06-19
vn30_direct_material_lag1,Logistic_Regression,Config_Hybrid,0.4971387696709585,0.4817895038715228,0.4958677685950413,0.4970026229927707,0.5121309524355812,0.4971010136700914,5d,ALL,28020,6990,167,2021-10-13,2025-07-11,2025-07-14,2026-06-19
vn30_direct_material_lag1,Random_Forest,Config_Hybrid,0.5247496423462089,0.511727078891258,0.4250295159386068,0.5186321253215955,0.5220542323004339,0.5217873842880152,5d,ALL,28020,6990,167,2021-10-13,2025-07-11,2025-07-14,2026-06-19
vn30_direct_material_lag1,XGBoost,Config_Hybrid,0.5183118741058655,0.5032720473667809,0.4766824085005903,0.516784407624487,0.5219612677464376,0.5170752408966027,5d,ALL,28020,6990,167,2021-10-13,2025-07-11,2025-07-14,2026-06-19
vn30_direct_material_lag1,LightGBM,Config_Hybrid,0.5194563662374821,0.5048739495798319,0.4433293978748524,0.5155585439824576,0.52428095666385,0.5171949599035561,5d,ALL,28020,6990,167,2021-10-13,2025-07-11,2025-07-14,2026-06-19
vn30_direct_material_lag1,Logistic_Regression,Config_A,0.5052552552552553,0.5431261770244821,0.409194097616345,0.5026611110505498,0.5245491375466191,0.511197814114295,60d,ALL,26700,6660,26,2021-10-13,2025-05-12,2025-05-13,2026-03-31
vn30_direct_material_lag1,Random_Forest,Config_A,0.4857357357357357,0.5193283873486919,0.3774120317820658,0.4818736410412499,0.5074733532743403,0.4924368832379717,60d,ALL,26700,6660,26,2021-10-13,2025-05-12,2025-05-13,2026-03-31
vn30_direct_material_lag1,XGBoost,Config_A,0.5007507507507507,0.5378759040730872,0.4009648127128263,0.4978175034632552,0.515779552456624,0.5069237328870254,60d,ALL,26700,6660,26,2021-10-13,2025-05-12,2025-05-13,2026-03-31
vn30_direct_material_lag1,LightGBM,Config_A,0.5139639639639639,0.5590778097982709,0.3853575482406356,0.5084243341312294,0.5311257155742547,0.5219198455488893,60d,ALL,26700,6660,26,2021-10-13,2025-05-12,2025-05-13,2026-03-31
vn30_direct_material_lag1,Logistic_Regression,Config_LLM,0.509009009009009,0.5221177290142808,0.8507377979568672,0.4202430793184732,0.5023358866460886,0.4878688989784336,60d,ALL,26700,6660,141,2021-10-13,2025-05-12,2025-05-13,2026-03-31
vn30_direct_material_lag1,Random_Forest,Config_LLM,0.5219219219219219,0.5579019073569482,0.4648127128263337,0.5214904006715468,0.5307320954417521,0.525454825800922,60d,ALL,26700,6660,141,2021-10-13,2025-05-12,2025-05-13,2026-03-31
vn30_direct_material_lag1,XGBoost,Config_LLM,0.5162162162162162,0.5495081967213115,0.4755959137343927,0.5161355350489504,0.517554055355116,0.518729079316176,60d,ALL,26700,6660,141,2021-10-13,2025-05-12,2025-05-13,2026-03-31
vn30_direct_material_lag1,LightGBM,Config_LLM,0.516966966966967,0.5526586620926244,0.4571509648127128,0.5164345015621657,0.5128001195157403,0.5206673191410502,60d,ALL,26700,6660,141,2021-10-13,2025-05-12,2025-05-13,2026-03-31
vn30_direct_material_lag1,Logistic_Regression,Config_Hybrid,0.5187687687687688,0.5547921676399863,0.4582860385925085,0.5182188907679104,0.5339490577729389,0.5225103662350298,60d,ALL,26700,6660,167,2021-10-13,2025-05-12,2025-05-13,2026-03-31
vn30_direct_material_lag1,Random_Forest,Config_Hybrid,0.5156156156156156,0.5563540090771558,0.4174233825198638,0.5129576554461651,0.5284453886903797,0.5216900075864626,60d,ALL,26700,6660,167,2021-10-13,2025-05-12,2025-05-13,2026-03-31
vn30_direct_material_lag1,XGBoost,Config_Hybrid,0.5096096096096097,0.5441478439425051,0.4511918274687854,0.5091027710255726,0.5343421349811206,0.5132234647548009,60d,ALL,26700,6660,167,2021-10-13,2025-05-12,2025-05-13,2026-03-31
vn30_direct_material_lag1,LightGBM,Config_Hybrid,0.5027027027027027,0.5375886524822695,0.4301929625425653,0.5015806309797888,0.526310791236188,0.5071883180059765,60d,ALL,26700,6660,167,2021-10-13,2025-05-12,2025-05-13,2026-03-31
vn30_material,Logistic_Regression,Config_A,0.4938218390804598,0.4888945621649221,0.5573341094295693,0.4922028015278847,0.5034795495118125,0.494614841320914,10d,ALL,27900,6960,26,2021-10-13,2025-07-07,2025-07-08,2026-06-12
vn30_material,Random_Forest,Config_A,0.5120689655172413,0.5060753341433779,0.4848661233993015,0.5115262168693184,0.5213571267173112,0.5117293159561774,10d,ALL,27900,6960,26,2021-10-13,2025-07-07,2025-07-08,2026-06-12
vn30_material,XGBoost,Config_A,0.5100574712643678,0.5039346246973365,0.4845750873108265,0.5095674598910591,0.5151797948938858,0.5097393030197719,10d,ALL,27900,6960,26,2021-10-13,2025-07-07,2025-07-08,2026-06-12
vn30_material,LightGBM,Config_A,0.5133620689655173,0.507359567437669,0.4915599534342258,0.5129797747377131,0.5159402133912279,0.5130898518589971,10d,ALL,27900,6960,26,2021-10-13,2025-07-07,2025-07-08,2026-06-12
vn30_material,Logistic_Regression,Config_LLM,0.4875,0.4882847433375067,0.7945285215366705,0.4379257486074374,0.4933450683753116,0.4913335002689027,10d,ALL,27900,6960,141,2021-10-13,2025-07-07,2025-07-08,2026-06-12
vn30_material,Random_Forest,Config_LLM,0.5056034482758621,0.4991652754590985,0.4350989522700815,0.5027307868884108,0.5038689465484639,0.5047231424233495,10d,ALL,27900,6960,141,2021-10-13,2025-07-07,2025-07-08,2026-06-12
vn30_material,XGBoost,Config_LLM,0.5048850574712643,0.4983108108108108,0.429278230500582,0.5016123514197969,0.5048068029107573,0.5039410448757167,10d,ALL,27900,6960,141,2021-10-13,2025-07-07,2025-07-08,2026-06-12
vn30_material,LightGBM,Config_LLM,0.5080459770114942,0.5023659305993691,0.3707799767171129,0.4979287673966516,0.5018926017370989,0.506332099595787,10d,ALL,27900,6960,141,2021-10-13,2025-07-07,2025-07-08,2026-06-12
vn30_material,Logistic_Regression,Config_Hybrid,0.5099137931034483,0.5034501794093292,0.5308498253783469,0.5098146158064456,0.521662285158547,0.5101751964576184,10d,ALL,27900,6960,167,2021-10-13,2025-07-07,2025-07-08,2026-06-12
vn30_material,Random_Forest,Config_Hybrid,0.5204022988505748,0.5147768395657418,0.4967986030267753,0.5199735792569398,0.5243966534483646,0.5201075875519802,10d,ALL,27900,6960,167,2021-10-13,2025-07-07,2025-07-08,2026-06-12
vn30_material,XGBoost,Config_Hybrid,0.5067528735632184,0.5004715498270984,0.4633294528521536,0.5055520191219464,0.5106385087324041,0.5062106969141585,10d,ALL,27900,6960,167,2021-10-13,2025-07-07,2025-07-08,2026-06-12
vn30_material,LightGBM,Config_Hybrid,0.5204022988505748,0.5147147147147147,0.4988358556461001,0.5200293926340414,0.526743235145267,0.5201330243043214,10d,ALL,27900,6960,167,2021-10-13,2025-07-07,2025-07-08,2026-06-12
vn30_material,Logistic_Regression,Config_A,0.5153846153846153,0.4692373121633116,0.5196232339089482,0.5144499391040488,0.5250231385303094,0.5157438203443045,1d,ALL,28110,7020,26,2021-10-13,2025-07-16,2025-07-17,2026-06-25
vn30_material,Random_Forest,Config_A,0.5401709401709401,0.4894348894348894,0.3127158555729984,0.5078114004222378,0.5268043857799865,0.520895085543996,1d,ALL,28110,7020,26,2021-10-13,2025-07-16,2025-07-17,2026-06-25
vn30_material,XGBoost,Config_A,0.5076923076923077,0.45949177877429,0.482574568288854,0.5052819823696022,0.5156066060964553,0.5055636857089642,1d,ALL,28110,7020,26,2021-10-13,2025-07-16,2025-07-17,2026-06-25
vn30_material,LightGBM,Config_A,0.5235042735042735,0.4757281553398058,0.4923076923076923,0.5206785466851225,0.5305988182054489,0.5208604954367666,1d,ALL,28110,7020,26,2021-10-13,2025-07-16,2025-07-17,2026-06-25
vn30_material,Logistic_Regression,Config_LLM,0.5303418803418803,0.45900439238653,0.1968602825745682,0.4640444443425559,0.5075505087201866,0.5020807279887183,1d,ALL,28110,7020,141,2021-10-13,2025-07-16,2025-07-17,2026-06-25
vn30_material,Random_Forest,Config_LLM,0.5121082621082621,0.4629171817058096,0.4703296703296703,0.5085299644437214,0.5145575638740101,0.5085677034829577,1d,ALL,28110,7020,141,2021-10-13,2025-07-16,2025-07-17,2026-06-25
vn30_material,XGBoost,Config_LLM,0.5156695156695157,0.4653337633021606,0.4530612244897959,0.5103160656624548,0.5167313372044234,0.5103637282814038,1d,ALL,28110,7020,141,2021-10-13,2025-07-16,2025-07-17,2026-06-25
vn30_material,LightGBM,Config_LLM,0.510968660968661,0.4591836734693877,0.4379905808477237,0.5045828887792834,0.5086720059601415,0.5047840779075645,1d,ALL,28110,7020,141,2021-10-13,2025-07-16,2025-07-17,2026-06-25
vn30_material,Logistic_Regression,Config_Hybrid,0.5259259259259259,0.4780607548327708,0.4891679748822606,0.5227126302876257,0.5311898382861319,0.5228108453290051,1d,ALL,28110,7020,167,2021-10-13,2025-07-16,2025-07-17,2026-06-25
vn30_material,Random_Forest,Config_Hybrid,0.5263532763532763,0.4665071770334928,0.3061224489795918,0.4951592800966792,0.5155269465122324,0.5076896469148285,1d,ALL,28110,7020,167,2021-10-13,2025-07-16,2025-07-17,2026-06-25
vn30_material,XGBoost,Config_Hybrid,0.5113960113960114,0.4618498909996886,0.4656200941915228,0.5075046904315197,0.5144428229621003,0.5075166963786819,1d,ALL,28110,7020,167,2021-10-13,2025-07-16,2025-07-17,2026-06-25
vn30_material,LightGBM,Config_Hybrid,0.5250712250712251,0.4768705371002794,0.4822605965463108,0.5214100024611784,0.5374041454913125,0.5214432057047069,1d,ALL,28110,7020,167,2021-10-13,2025-07-16,2025-07-17,2026-06-25
vn30_material,Logistic_Regression,Config_A,0.4905797101449275,0.4943132108486439,0.4876294591484464,0.4905794426483105,0.4897319940204123,0.4906021127517933,20d,ALL,27660,6900,26,2021-10-13,2025-06-25,2025-06-26,2026-05-29
vn30_material,Random_Forest,Config_A,0.5042028985507246,0.5084589357120886,0.4755466052934407,0.5038910303433553,0.5143919537039028,0.5044204989084027,20d,ALL,27660,6900,26,2021-10-13,2025-06-25,2025-06-26,2026-05-29
vn30_material,XGBoost,Config_A,0.5114492753623189,0.5167144221585482,0.466915995397008,0.5106260560849778,0.5057455479092953,0.5117874369508405,20d,ALL,27660,6900,26,2021-10-13,2025-06-25,2025-06-26,2026-05-29
vn30_material,LightGBM,Config_A,0.4978260869565217,0.5017182130584192,0.4620253164556962,0.4973010141174342,0.500714344288741,0.4980979386016799,20d,ALL,27660,6900,26,2021-10-13,2025-06-25,2025-06-26,2026-05-29
vn30_material,Logistic_Regression,Config_LLM,0.4966666666666666,0.5002663825253063,0.8104142692750288,0.4393033216780557,0.5003170522434208,0.4942842374412527,20d,ALL,27660,6900,141,2021-10-13,2025-06-25,2025-06-26,2026-05-29
vn30_material,Random_Forest,Config_LLM,0.483768115942029,0.4868581907090464,0.4582853855005753,0.4835174792657205,0.4772944886430852,0.4839616179839325,20d,ALL,27660,6900,141,2021-10-13,2025-06-25,2025-06-26,2026-05-29
vn30_material,XGBoost,Config_LLM,0.497536231884058,0.5015055202408832,0.4312428078250863,0.4955312307738538,0.4773424644827549,0.4980396282116086,20d,ALL,27660,6900,141,2021-10-13,2025-06-25,2025-06-26,2026-05-29
vn30_material,LightGBM,Config_LLM,0.4968115942028985,0.5007347538574578,0.3921173762945915,0.491548690630911,0.4789849858307432,0.4976065853435574,20d,ALL,27660,6900,141,2021-10-13,2025-06-25,2025-06-26,2026-05-29
vn30_material,Logistic_Regression,Config_Hybrid,0.4914492753623188,0.4952463267070008,0.4945339470655926,0.4914256786247444,0.4911125387167546,0.4914258520374692,20d,ALL,27660,6900,167,2021-10-13,2025-06-25,2025-06-26,2026-05-29
vn30_material,Random_Forest,Config_Hybrid,0.5069565217391304,0.5111378687537628,0.4884925201380897,0.5068487556070854,0.5103987422432057,0.5070967273587645,20d,ALL,27660,6900,167,2021-10-13,2025-06-25,2025-06-26,2026-05-29
vn30_material,XGBoost,Config_Hybrid,0.504927536231884,0.5091519219035997,0.4801495972382048,0.5047057825763789,0.5078892109310305,0.5051156864695697,20d,ALL,27660,6900,167,2021-10-13,2025-06-25,2025-06-26,2026-05-29
vn30_material,LightGBM,Config_Hybrid,0.5021739130434782,0.5063565891472869,0.4697928653624856,0.5017594870288979,0.505384426790381,0.5024197971672241,20d,ALL,27660,6900,167,2021-10-13,2025-06-25,2025-06-26,2026-05-29
vn30_material,Logistic_Regression,Config_A,0.5064377682403434,0.4912774338773213,0.5153482880755608,0.5064144931957225,0.521705932752826,0.5067024616391129,5d,ALL,28020,6990,26,2021-10-13,2025-07-11,2025-07-14,2026-06-19
vn30_material,Random_Forest,Config_A,0.51931330472103,0.5047425474254743,0.4397874852420307,0.5151204849125472,0.5180186528932176,0.5169509330707656,5d,ALL,28020,6990,26,2021-10-13,2025-07-11,2025-07-14,2026-06-19
vn30_material,XGBoost,Config_A,0.5226037195994278,0.5079167960260789,0.4828807556080283,0.5211811719604125,0.5251308714757051,0.5214237203914656,5d,ALL,28020,6990,26,2021-10-13,2025-07-11,2025-07-14,2026-06-19
vn30_material,LightGBM,Config_A,0.5220314735336195,0.5075441412520064,0.4666469893742621,0.519700077315372,0.5259861945383878,0.5203862376077307,5d,ALL,28020,6990,26,2021-10-13,2025-07-11,2025-07-14,2026-06-19
vn30_material,Logistic_Regression,Config_LLM,0.503862660944206,0.4590163934426229,0.1322314049586777,0.4223336525894057,0.4933607985069294,0.4928230872655687,5d,ALL,28020,6990,141,2021-10-13,2025-07-11,2025-07-14,2026-06-19
vn30_material,Random_Forest,Config_LLM,0.4992846924177396,0.4834417504435245,0.4825855962219598,0.4987882003699933,0.4946895483750009,0.4987886337578427,5d,ALL,28020,6990,141,2021-10-13,2025-07-11,2025-07-14,2026-06-19
vn30_material,XGBoost,Config_LLM,0.4995708154506438,0.4834137515078407,0.4731404958677686,0.4987316492184722,0.4948388488751166,0.4987856838028459,5d,ALL,28020,6990,141,2021-10-13,2025-07-11,2025-07-14,2026-06-19
vn30_material,LightGBM,Config_LLM,0.4992846924177396,0.481283422459893,0.4250295159386068,0.4954421712588682,0.4928972048848632,0.4970788890076155,5d,ALL,28020,6990,141,2021-10-13,2025-07-11,2025-07-14,2026-06-19
vn30_material,Logistic_Regression,Config_Hybrid,0.4978540772532189,0.48258138206739,0.4988193624557261,0.4977512840301248,0.5169933796454417,0.4978827517442428,5d,ALL,28020,6990,167,2021-10-13,2025-07-11,2025-07-14,2026-06-19
vn30_material,Random_Forest,Config_Hybrid,0.5210300429184549,0.5070224719101124,0.4262101534828807,0.5153913360969895,0.5247958057539855,0.5182133499230062,5d,ALL,28020,6990,167,2021-10-13,2025-07-11,2025-07-14,2026-06-19
vn30_material,XGBoost,Config_Hybrid,0.5155937052932761,0.50032722513089,0.4512987012987013,0.5126199950973996,0.5122571039832915,0.5136837759686177,5d,ALL,28020,6990,167,2021-10-13,2025-07-11,2025-07-14,2026-06-19
vn30_material,LightGBM,Config_Hybrid,0.523032904148784,0.5090361445783133,0.4489374262101535,0.5193240927808582,0.5251007983233766,0.5208318446986359,5d,ALL,28020,6990,167,2021-10-13,2025-07-11,2025-07-14,2026-06-19
vn30_material,Logistic_Regression,Config_A,0.5052552552552553,0.5431261770244821,0.409194097616345,0.5026611110505498,0.5245491375466191,0.511197814114295,60d,ALL,26700,6660,26,2021-10-13,2025-05-12,2025-05-13,2026-03-31
vn30_material,Random_Forest,Config_A,0.4857357357357357,0.5193283873486919,0.3774120317820658,0.4818736410412499,0.5074733532743403,0.4924368832379717,60d,ALL,26700,6660,26,2021-10-13,2025-05-12,2025-05-13,2026-03-31
vn30_material,XGBoost,Config_A,0.5007507507507507,0.5378759040730872,0.4009648127128263,0.4978175034632552,0.515779552456624,0.5069237328870254,60d,ALL,26700,6660,26,2021-10-13,2025-05-12,2025-05-13,2026-03-31
vn30_material,LightGBM,Config_A,0.5139639639639639,0.5590778097982709,0.3853575482406356,0.5084243341312294,0.5311257155742547,0.5219198455488893,60d,ALL,26700,6660,26,2021-10-13,2025-05-12,2025-05-13,2026-03-31
vn30_material,Logistic_Regression,Config_LLM,0.5159159159159159,0.5264084507042254,0.8484676503972758,0.4332163858279389,0.4991551192696147,0.4953435190761889,60d,ALL,26700,6660,141,2021-10-13,2025-05-12,2025-05-13,2026-03-31
vn30_material,Random_Forest,Config_LLM,0.5208708708708709,0.55435847208619,0.481838819523269,0.5208133001036228,0.52514259907283,0.5232854811902059,60d,ALL,26700,6660,141,2021-10-13,2025-05-12,2025-05-13,2026-03-31
vn30_material,XGBoost,Config_LLM,0.522972972972973,0.5575838035180883,0.4767309875141884,0.5228102110146733,0.5198413502745025,0.5258336060019921,60d,ALL,26700,6660,141,2021-10-13,2025-05-12,2025-05-13,2026-03-31
vn30_material,LightGBM,Config_LLM,0.5187687687687688,0.5529021558872305,0.4730419977298524,0.5186098703909403,0.5125152199784567,0.5215975294771711,60d,ALL,26700,6660,141,2021-10-13,2025-05-12,2025-05-13,2026-03-31
vn30_material,Logistic_Regression,Config_Hybrid,0.5174174174174174,0.5535590877677954,0.4545970488081725,0.516779407091707,0.5346589313222452,0.5213036264449026,60d,ALL,26700,6660,167,2021-10-13,2025-05-12,2025-05-13,2026-03-31
vn30_material,Random_Forest,Config_Hybrid,0.5154654654654655,0.5561436672967864,0.4174233825198638,0.512817537464253,0.5254110299057194,0.5215305688109523,60d,ALL,26700,6660,167,2021-10-13,2025-05-12,2025-05-13,2026-03-31
vn30_material,XGBoost,Config_Hybrid,0.5037537537537538,0.5377456049638056,0.4426787741203178,0.5031351314746207,0.5200182531156617,0.5075319891009752,60d,ALL,26700,6660,167,2021-10-13,2025-05-12,2025-05-13,2026-03-31
vn30_material,LightGBM,Config_Hybrid,0.5004504504504504,0.5348179568752209,0.4293416572077185,0.4993867222896111,0.5300894540208252,0.5048494000324307,60d,ALL,26700,6660,167,2021-10-13,2025-05-12,2025-05-13,2026-03-31
vn30_material_lag1,Logistic_Regression,Config_A,0.4938218390804598,0.4888945621649221,0.5573341094295693,0.4922028015278847,0.5034795495118125,0.494614841320914,10d,ALL,27900,6960,26,2021-10-13,2025-07-07,2025-07-08,2026-06-12
vn30_material_lag1,Random_Forest,Config_A,0.5120689655172413,0.5060753341433779,0.4848661233993015,0.5115262168693184,0.5213571267173112,0.5117293159561774,10d,ALL,27900,6960,26,2021-10-13,2025-07-07,2025-07-08,2026-06-12
vn30_material_lag1,XGBoost,Config_A,0.5100574712643678,0.5039346246973365,0.4845750873108265,0.5095674598910591,0.5151797948938858,0.5097393030197719,10d,ALL,27900,6960,26,2021-10-13,2025-07-07,2025-07-08,2026-06-12
vn30_material_lag1,LightGBM,Config_A,0.5133620689655173,0.507359567437669,0.4915599534342258,0.5129797747377131,0.5159402133912279,0.5130898518589971,10d,ALL,27900,6960,26,2021-10-13,2025-07-07,2025-07-08,2026-06-12
vn30_material_lag1,Logistic_Regression,Config_LLM,0.4922413793103448,0.491015768243491,0.7793946449359721,0.4499450988109587,0.4931764673041932,0.4958267208788827,10d,ALL,27900,6960,141,2021-10-13,2025-07-07,2025-07-08,2026-06-12
vn30_material_lag1,Random_Forest,Config_LLM,0.5120689655172413,0.5061919504643962,0.4758440046565774,0.5111967772459628,0.5086623290947555,0.5116166674815237,10d,ALL,27900,6960,141,2021-10-13,2025-07-07,2025-07-08,2026-06-12
vn30_material_lag1,XGBoost,Config_LLM,0.5033045977011494,0.4965831435079726,0.4441210710128055,0.501210233823199,0.5065163921699729,0.5025656433384119,10d,ALL,27900,6960,141,2021-10-13,2025-07-07,2025-07-08,2026-06-12
vn30_material_lag1,LightGBM,Config_LLM,0.5123563218390804,0.5078651685393258,0.3946449359720605,0.5049023433881303,0.5109690213391227,0.5108865996545887,10d,ALL,27900,6960,141,2021-10-13,2025-07-07,2025-07-08,2026-06-12
vn30_material_lag1,Logistic_Regression,Config_Hybrid,0.503448275862069,0.4973247726056715,0.5410360884749709,0.5029783987058052,0.5214004022310343,0.5039175902079736,10d,ALL,27900,6960,167,2021-10-13,2025-07-07,2025-07-08,2026-06-12
vn30_material_lag1,Random_Forest,Config_Hybrid,0.5206896551724138,0.5153186274509803,0.489522700814901,0.5200198453714806,0.5280614865766624,0.5203005104528535,10d,ALL,27900,6960,167,2021-10-13,2025-07-07,2025-07-08,2026-06-12
vn30_material_lag1,XGBoost,Config_Hybrid,0.525,0.5204017576898933,0.4825378346915017,0.5238771183757704,0.528872530818112,0.5244698254047747,10d,ALL,27900,6960,167,2021-10-13,2025-07-07,2025-07-08,2026-06-12
vn30_material_lag1,LightGBM,Config_Hybrid,0.5132183908045977,0.5076972418216805,0.4607101280558789,0.5115563255233926,0.5161742645475099,0.512562782529642,10d,ALL,27900,6960,167,2021-10-13,2025-07-07,2025-07-08,2026-06-12
vn30_material_lag1,Logistic_Regression,Config_A,0.5153846153846153,0.4692373121633116,0.5196232339089482,0.5144499391040488,0.5250231385303094,0.5157438203443045,1d,ALL,28110,7020,26,2021-10-13,2025-07-16,2025-07-17,2026-06-25
vn30_material_lag1,Random_Forest,Config_A,0.5401709401709401,0.4894348894348894,0.3127158555729984,0.5078114004222378,0.5268043857799865,0.520895085543996,1d,ALL,28110,7020,26,2021-10-13,2025-07-16,2025-07-17,2026-06-25
vn30_material_lag1,XGBoost,Config_A,0.5076923076923077,0.45949177877429,0.482574568288854,0.5052819823696022,0.5156066060964553,0.5055636857089642,1d,ALL,28110,7020,26,2021-10-13,2025-07-16,2025-07-17,2026-06-25
vn30_material_lag1,LightGBM,Config_A,0.5235042735042735,0.4757281553398058,0.4923076923076923,0.5206785466851225,0.5305988182054489,0.5208604954367666,1d,ALL,28110,7020,26,2021-10-13,2025-07-16,2025-07-17,2026-06-25
vn30_material_lag1,Logistic_Regression,Config_LLM,0.527920227920228,0.4542877391920624,0.2012558869701727,0.4640137880240593,0.504002996444792,0.500236809195647,1d,ALL,28110,7020,141,2021-10-13,2025-07-16,2025-07-17,2026-06-25
vn30_material_lag1,Random_Forest,Config_LLM,0.5215099715099715,0.4713627386438446,0.449607535321821,0.5152618477744285,0.5153026634382567,0.5154165447143655,1d,ALL,28110,7020,141,2021-10-13,2025-07-16,2025-07-17,2026-06-25
vn30_material_lag1,XGBoost,Config_LLM,0.5219373219373219,0.4703021882598124,0.4251177394034537,0.5129038169918727,0.5142427734307042,0.513732272570045,1d,ALL,28110,7020,141,2021-10-13,2025-07-16,2025-07-17,2026-06-25
vn30_material_lag1,LightGBM,Config_LLM,0.5176638176638176,0.4681458003169572,0.4637362637362637,0.5130951698144127,0.5167043610142884,0.5130936859750419,1d,ALL,28110,7020,141,2021-10-13,2025-07-16,2025-07-17,2026-06-25
vn30_material_lag1,Logistic_Regression,Config_Hybrid,0.5245014245014245,0.4758598927106343,0.473469387755102,0.5201827538241415,0.5311134535049603,0.5201766756246176,1d,ALL,28110,7020,167,2021-10-13,2025-07-16,2025-07-17,2026-06-25
vn30_material_lag1,Random_Forest,Config_Hybrid,0.5437321937321937,0.4954773869346733,0.3095761381475667,0.5098771426469506,0.5311202487212917,0.5238884602080728,1d,ALL,28110,7020,167,2021-10-13,2025-07-16,2025-07-17,2026-06-25
vn30_material_lag1,XGBoost,Config_Hybrid,0.5230769230769231,0.4746026799626052,0.4781789638932496,0.5192540482506692,0.5254564359090341,0.5192720112816965,1d,ALL,28110,7020,167,2021-10-13,2025-07-16,2025-07-17,2026-06-25
vn30_material_lag1,LightGBM,Config_Hybrid,0.5321937321937322,0.4842105263157895,0.4766091051805337,0.5274955728995868,0.5365631760677393,0.5274831705824442,1d,ALL,28110,7020,167,2021-10-13,2025-07-16,2025-07-17,2026-06-25
vn30_material_lag1,Logistic_Regression,Config_A,0.4905797101449275,0.4943132108486439,0.4876294591484464,0.4905794426483105,0.4897319940204123,0.4906021127517933,20d,ALL,27660,6900,26,2021-10-13,2025-06-25,2025-06-26,2026-05-29
vn30_material_lag1,Random_Forest,Config_A,0.5042028985507246,0.5084589357120886,0.4755466052934407,0.5038910303433553,0.5143919537039028,0.5044204989084027,20d,ALL,27660,6900,26,2021-10-13,2025-06-25,2025-06-26,2026-05-29
vn30_material_lag1,XGBoost,Config_A,0.5114492753623189,0.5167144221585482,0.466915995397008,0.5106260560849778,0.5057455479092953,0.5117874369508405,20d,ALL,27660,6900,26,2021-10-13,2025-06-25,2025-06-26,2026-05-29
vn30_material_lag1,LightGBM,Config_A,0.4978260869565217,0.5017182130584192,0.4620253164556962,0.4973010141174342,0.500714344288741,0.4980979386016799,20d,ALL,27660,6900,26,2021-10-13,2025-06-25,2025-06-26,2026-05-29
vn30_material_lag1,Logistic_Regression,Config_LLM,0.501159420289855,0.5030476873431338,0.8072497123130035,0.4472971135122122,0.494157156079606,0.4988351365303335,20d,ALL,27660,6900,141,2021-10-13,2025-06-25,2025-06-26,2026-05-29
vn30_material_lag1,Random_Forest,Config_LLM,0.4850724637681159,0.4878280113815997,0.4439010356731875,0.4843346431469399,0.4814390634578364,0.4853850972758461,20d,ALL,27660,6900,141,2021-10-13,2025-06-25,2025-06-26,2026-05-29
vn30_material_lag1,XGBoost,Config_LLM,0.4850724637681159,0.4861759425493716,0.3895281933256617,0.480618051743456,0.4784294827414688,0.4857979751675037,20d,ALL,27660,6900,141,2021-10-13,2025-06-25,2025-06-26,2026-05-29
vn30_material_lag1,LightGBM,Config_LLM,0.4911594202898551,0.4933987174651075,0.3762945914844649,0.4846920511793562,0.4691658186173816,0.4920316415366249,20d,ALL,27660,6900,141,2021-10-13,2025-06-25,2025-06-26,2026-05-29
vn30_material_lag1,Logistic_Regression,Config_Hybrid,0.4908695652173913,0.4948739262953727,0.5138089758342923,0.4905033076182153,0.4912004244055365,0.4906953757676134,20d,ALL,27660,6900,167,2021-10-13,2025-06-25,2025-06-26,2026-05-29
vn30_material_lag1,Random_Forest,Config_Hybrid,0.5115942028985507,0.5162278015921616,0.4850402761795166,0.5113379760813883,0.5140543583907812,0.5117958390243378,20d,ALL,27660,6900,167,2021-10-13,2025-06-25,2025-06-26,2026-05-29
vn30_material_lag1,XGBoost,Config_Hybrid,0.4998550724637681,0.5036927621861153,0.490506329113924,0.4998390937883145,0.5020806474705054,0.4999260617532237,20d,ALL,27660,6900,167,2021-10-13,2025-06-25,2025-06-26,2026-05-29
vn30_material_lag1,LightGBM,Config_Hybrid,0.5023188405797101,0.5065217391304347,0.4692174913693901,0.50188343585521,0.5052565892421195,0.5025701942828259,20d,ALL,27660,6900,167,2021-10-13,2025-06-25,2025-06-26,2026-05-29
vn30_material_lag1,Logistic_Regression,Config_A,0.5064377682403434,0.4912774338773213,0.5153482880755608,0.5064144931957225,0.521705932752826,0.5067024616391129,5d,ALL,28020,6990,26,2021-10-13,2025-07-11,2025-07-14,2026-06-19
vn30_material_lag1,Random_Forest,Config_A,0.51931330472103,0.5047425474254743,0.4397874852420307,0.5151204849125472,0.5180186528932176,0.5169509330707656,5d,ALL,28020,6990,26,2021-10-13,2025-07-11,2025-07-14,2026-06-19
vn30_material_lag1,XGBoost,Config_A,0.5226037195994278,0.5079167960260789,0.4828807556080283,0.5211811719604125,0.5251308714757051,0.5214237203914656,5d,ALL,28020,6990,26,2021-10-13,2025-07-11,2025-07-14,2026-06-19
vn30_material_lag1,LightGBM,Config_A,0.5220314735336195,0.5075441412520064,0.4666469893742621,0.519700077315372,0.5259861945383878,0.5203862376077307,5d,ALL,28020,6990,26,2021-10-13,2025-07-11,2025-07-14,2026-06-19
vn30_material_lag1,Logistic_Regression,Config_LLM,0.5034334763948498,0.4580384226491405,0.13370720188902,0.4227707713854842,0.4946371457022106,0.4924504915608343,5d,ALL,28020,6990,141,2021-10-13,2025-07-11,2025-07-14,2026-06-19
vn30_material_lag1,Random_Forest,Config_LLM,0.498140200286123,0.4820359281437126,0.4752066115702479,0.4974341409282805,0.4981319000266807,0.4974589415430362,5d,ALL,28020,6990,141,2021-10-13,2025-07-11,2025-07-14,2026-06-19
vn30_material_lag1,XGBoost,Config_LLM,0.4957081545064378,0.4787333126358273,0.4551357733175915,0.4942054633384638,0.4941101690193104,0.4945029227498562,5d,ALL,28020,6990,141,2021-10-13,2025-07-11,2025-07-14,2026-06-19
vn30_material_lag1,LightGBM,Config_LLM,0.498140200286123,0.4809160305343511,0.4462809917355372,0.4959763484470076,0.493784158020567,0.4965996852070246,5d,ALL,28020,6990,141,2021-10-13,2025-07-11,2025-07-14,2026-06-19
vn30_material_lag1,Logistic_Regression,Config_Hybrid,0.4974248927038626,0.4823993241340467,0.505608028335301,0.4973981373872617,0.5129556287435749,0.4976679786318371,5d,ALL,28020,6990,167,2021-10-13,2025-07-11,2025-07-14,2026-06-19
vn30_material_lag1,Random_Forest,Config_Hybrid,0.5213161659513591,0.5073477956613016,0.4279811097992916,0.5158310162569211,0.5218287656011649,0.5185435809962589,5d,ALL,28020,6990,167,2021-10-13,2025-07-11,2025-07-14,2026-06-19
vn30_material_lag1,XGBoost,Config_Hybrid,0.5260371959942776,0.5116423470971748,0.48642266824085,0.5246248794440654,0.5217620228693622,0.5248604179627349,5d,ALL,28020,6990,167,2021-10-13,2025-07-11,2025-07-14,2026-06-19
vn30_material_lag1,LightGBM,Config_Hybrid,0.5247496423462089,0.5110515740120563,0.4504132231404958,0.5210298774083941,0.5248915973481871,0.5225414255624745,5d,ALL,28020,6990,167,2021-10-13,2025-07-11,2025-07-14,2026-06-19
vn30_material_lag1,Logistic_Regression,Config_A,0.5052552552552553,0.5431261770244821,0.409194097616345,0.5026611110505498,0.5245491375466191,0.511197814114295,60d,ALL,26700,6660,26,2021-10-13,2025-05-12,2025-05-13,2026-03-31
vn30_material_lag1,Random_Forest,Config_A,0.4857357357357357,0.5193283873486919,0.3774120317820658,0.4818736410412499,0.5074733532743403,0.4924368832379717,60d,ALL,26700,6660,26,2021-10-13,2025-05-12,2025-05-13,2026-03-31
vn30_material_lag1,XGBoost,Config_A,0.5007507507507507,0.5378759040730872,0.4009648127128263,0.4978175034632552,0.515779552456624,0.5069237328870254,60d,ALL,26700,6660,26,2021-10-13,2025-05-12,2025-05-13,2026-03-31
vn30_material_lag1,LightGBM,Config_A,0.5139639639639639,0.5590778097982709,0.3853575482406356,0.5084243341312294,0.5311257155742547,0.5219198455488893,60d,ALL,26700,6660,26,2021-10-13,2025-05-12,2025-05-13,2026-03-31
vn30_material_lag1,Logistic_Regression,Config_LLM,0.5145645645645646,0.5256026746436742,0.8476163450624291,0.4314049413929417,0.5005439196819477,0.4939612337557043,60d,ALL,26700,6660,141,2021-10-13,2025-05-12,2025-05-13,2026-03-31
vn30_material_lag1,Random_Forest,Config_LLM,0.5213213213213214,0.5563002680965148,0.47105561861521,0.5210718566353675,0.5283094766354328,0.5244308705320948,60d,ALL,26700,6660,141,2021-10-13,2025-05-12,2025-05-13,2026-03-31
vn30_material_lag1,XGBoost,Config_LLM,0.5135135135135135,0.5481029810298103,0.4591373439273553,0.5131419016363616,0.5157464793167551,0.5168773454330654,60d,ALL,26700,6660,141,2021-10-13,2025-05-12,2025-05-13,2026-03-31
vn30_material_lag1,LightGBM,Config_LLM,0.5151651651651652,0.5509499136442142,0.4526106696935301,0.5145294706008252,0.5113022365586416,0.5190349266834997,60d,ALL,26700,6660,141,2021-10-13,2025-05-12,2025-05-13,2026-03-31
vn30_material_lag1,Logistic_Regression,Config_Hybrid,0.5160660660660661,0.5512776831345826,0.4591373439273553,0.5156248762416704,0.5366878395086752,0.5195878046167388,60d,ALL,26700,6660,167,2021-10-13,2025-05-12,2025-05-13,2026-03-31
vn30_material_lag1,Random_Forest,Config_Hybrid,0.5127627627627628,0.5538818076477404,0.4069239500567537,0.5094536908390885,0.5238217999316639,0.5193101893140911,60d,ALL,26700,6660,167,2021-10-13,2025-05-12,2025-05-13,2026-03-31
vn30_material_lag1,XGBoost,Config_Hybrid,0.5043543543543544,0.5378350865286732,0.4497729852440408,0.5039548731619958,0.522055757603836,0.5077308803771226,60d,ALL,26700,6660,167,2021-10-13,2025-05-12,2025-05-13,2026-03-31
vn30_material_lag1,LightGBM,Config_Hybrid,0.5136636636636637,0.5497729654208872,0.4466515323496027,0.5128451161445485,0.5363686452518011,0.5178091845421483,60d,ALL,26700,6660,167,2021-10-13,2025-05-12,2025-05-13,2026-03-31
