date,title,description,url,source
2026-06-26,ABB: Nghị quyết Hội đồng quản trị điều chỉnh điều kiện Cấp tín dụng cho Công ty Cổ phần ô tô Gel O&J,Nghị quyết Hội đồng quản trị,https://cafef.vn/du-lieu/ABB-2917129/abb-nghi-quyet-hoi-dong-quan-tri-dieu-chinh-dieu-kien-cap-tin-dung-cho-cong-ty-co-phan-o-to-gel-oj.chn,cafef
2026-06-25,ABB: Bổ sung nội dung tại Giấy phép thành lập và hoạt động,Bổ sung nội dung tại Giấy phép thành lập và hoạt động,https://cafef.vn/du-lieu/ABB-2916436/abb-bo-sung-noi-dung-tai-giay-phep-thanh-lap-va-hoat-dong.chn,cafef
2026-06-22,ABB: Nghị quyết Hội đồng quản trị triển khai phương án phát hành cổ phiếu để trả cổ tức,Nghị quyết Hội đồng quản trị,https://cafef.vn/du-lieu/ABB-2914129/abb-nghi-quyet-hoi-dong-quan-tri-trien-khai-phuong-an-phat-hanh-co-phieu-de-tra-co-tuc.chn,cafef
2026-06-22,ABB: ABBank nhận được văn bản chấp thuận tăng vốn điều lệ của NHNN,ABBank nhận được văn bản chấp thuận tăng vốn điều lệ của NHNN,https://cafef.vn/du-lieu/ABB-2914123/abb-abbank-nhan-duoc-van-ban-chap-thuan-tang-von-dieu-le-cua-nhnn.chn,cafef
2026-06-22,ABB: Nghị quyết Hội đồng quản trị cấp hạn mức tín dụng cho Công ty Cổ phần Chứng khoán An Bình,Nghị quyết Hội đồng quản trị,https://cafef.vn/du-lieu/ABB-2914130/abb-nghi-quyet-hoi-dong-quan-tri-cap-han-muc-tin-dung-cho-cong-ty-co-phan-chung-khoan-an-binh.chn,cafef
2026-06-19,ABB: Sửa đổi tên viết tắt tại Giấy phép,Sửa đổi tên viết tắt tại Giấy phép,https://cafef.vn/du-lieu/ABB-2912672/abb-sua-doi-ten-viet-tat-tai-giay-phep.chn,cafef
2026-05-28,ABB: ABBank nhận được Quyết đinh của Ngân hàng nhà nước,ABBank nhận được Quyết đinh của Ngân hàng nhà nước,https://cafef.vn/du-lieu/ABB-2897058/abb-abbank-nhan-duoc-quyet-dinh-cua-ngan-hang-nha-nuoc.chn,cafef
2026-04-20,ABB: Nghị quyết Hội đồng quản trị Thuê thêm diện tích cho Hội sở ABBank tại Tầng 21 Tòa nhà Peakview,Nghị quyết Hội đồng quản trị,https://cafef.vn/du-lieu/ABB-2670570/abb-nghi-quyet-hoi-dong-quan-tri-thue-them-dien-tich-cho-hoi-so-abbank-tai-tang-21-toa-nha-peakview.chn,cafef
2026-04-20,ABB: Nghị quyết Hội đồng quản trị Cấp L/C cho Công ty Cổ phần Ô tô Gel O&J,Nghị quyết Hội đồng quản trị,https://cafef.vn/du-lieu/ABB-2670736/abb-nghi-quyet-hoi-dong-quan-tri-cap-lc-cho-cong-ty-co-phan-o-to-gel-oj.chn,cafef
2026-04-17,ABB: Tài liệu họp Đại hội đồng cổ đông,Tài liệu họp Đại hội đồng cổ đông,https://cafef.vn/du-lieu/ABB-2668934/abb-tai-lieu-hop-dai-hoi-dong-co-dong.chn,cafef
2026-04-14,ABB: Tài liệu họp Đại hội đồng cổ đông,Tài liệu họp Đại hội đồng cổ đông,https://cafef.vn/du-lieu/ABB-2666448/abb-tai-lieu-hop-dai-hoi-dong-co-dong.chn,cafef
2026-04-10,ABB: Nghị quyết Hội đồng quản trị Phê duyệt Chủ trương ký kết Hợp đồng Hợp tác giới thiệu và cho vay đối với Khách hàng,Nghị quyết Hội đồng quản trị,https://cafef.vn/du-lieu/ABB-2663680/abb-nghi-quyet-hoi-dong-quan-tri-phe-duyet-chu-truong-ky-ket-hop-dong-hop-tac-gioi-thieu-va-cho-vay-doi-voi-khach-hang.chn,cafef
2026-04-10,ABB: Tài liệu họp Đại hội đồng cổ đông,Tài liệu họp Đại hội đồng cổ đông,https://cafef.vn/du-lieu/ABB-2663649/abb-tai-lieu-hop-dai-hoi-dong-co-dong.chn,cafef
2026-03-31,ABB: Nghị quyết Hội đồng quản trị Phê duyệt Phương án phát hành trái phiếu riêng lẻ lần 01 năm 2026,Nghị quyết Hội đồng quản trị,https://cafef.vn/du-lieu/ABB-2646867/abb-nghi-quyet-hoi-dong-quan-tri-phe-duyet-phuong-an-phat-hanh-trai-phieu-rieng-le-lan-01-nam-2026.chn,cafef
2026-03-19,ABB: Nghị quyết Hội đồng quản trị Phê duyệt Tu chỉnh bảo lãnh cho khách hàng,Nghị quyết Hội đồng quản trị,https://cafef.vn/du-lieu/ABB-2423132/abb-nghi-quyet-hoi-dong-quan-tri-phe-duyet-tu-chinh-bao-lanh-cho-khach-hang.chn,cafef
2026-03-19,ABB: Nghị quyết Hội đồng quản trị Thoái toàn bộ vốn đầu tư tại Công ty TNHH Một thành viên Quản lý Nợ và Khai thác Tài sản - Ngân hàng,Nghị quyết Hội đồng quản trị,https://cafef.vn/du-lieu/ABB-2423131/abb-nghi-quyet-hoi-dong-quan-tri-thoai-toan-bo-von-dau-tu-tai-cong-ty-tnhh-mot-thanh-vien-quan-ly-no-va-khai-thac-tai-san-ngan-hang.chn,cafef
2026-03-11,ABB: Đã phát hành 51.751.800 cổ phiếu theo chương trình lựa chọn cho người lao động trong công ty,Báo cáo kết quả phát hành cổ phiếu theo chương trình lựa chọn cho người lao động trong công ty,https://cafef.vn/du-lieu/ABB-2416308/abb-da-phat-hanh-51751800-co-phieu-theo-chuong-trinh-lua-chon-cho-nguoi-lao-dong-trong-cong-ty.chn,cafef
2026-03-11,ABB: Đính chính Thông tin trên Nghị quyết số 07,Đính chính Thông tin trên Nghị quyết số 07,https://cafef.vn/du-lieu/ABB-2416312/abb-dinh-chinh-thong-tin-tren-nghi-quyet-so-07.chn,cafef
2026-03-11,ABB: Đính chính thông tin trên thông báo thay đổi số lượng cổ phiếu có quyền biểu quyết,Đính chính thông tin trên thông báo thay đổi số lượng cổ phiếu có quyền biểu quyết,https://cafef.vn/du-lieu/ABB-2416310/abb-dinh-chinh-thong-tin-tren-thong-bao-thay-doi-so-luong-co-phieu-co-quyen-bieu-quyet.chn,cafef
2026-03-05,ABB: Tài liệu họp Đại hội đồng cổ đông,Tài liệu họp Đại hội đồng cổ đông,https://cafef.vn/du-lieu/ABB-2412656/abb-tai-lieu-hop-dai-hoi-dong-co-dong.chn,cafef
2026-03-05,ABB: Nghị quyết Hội đồng quản trị Thông qua kết quả phát hành cổ phiếu cho CBNV theo Chương trình ESOP,Nghị quyết Hội đồng quản trị,https://cafef.vn/du-lieu/ABB-2412444/abb-nghi-quyet-hoi-dong-quan-tri-thong-qua-ket-qua-phat-hanh-co-phieu-cho-cbnv-theo-chuong-trinh-esop.chn,cafef
2026-03-04,ABB: Nghị quyết Hội đồng quản trị Phê duyệt Cấp Thẻ tín dụng,Nghị quyết Hội đồng quản trị,https://cafef.vn/du-lieu/ABB-2412053/abb-nghi-quyet-hoi-dong-quan-tri-phe-duyet-cap-the-tin-dung.chn,cafef
2026-03-02,Hàng loạt ngân hàng ấn định lịch họp đại hội cổ đông năm 2026,"Mùa đại hội cổ đông năm 2026 đang đến gần, nhiều ngân hàng thương mại đã công bố kế hoạch chốt danh sách cổ đông và thời gian tổ chức đại hội đồng cổ đông thường niên (ĐHĐCĐ) năm 2026.",https://cafef.vn/hang-loat-ngan-hang-an-dinh-lich-hop-dai-hoi-co-dong-nam-2026-188260302120449237.chn,cafef
2026-02-11,ABB: ABBANK thay đổi Nhân diện thương hiệu mới,ABBANK thay đổi Nhân diện thương hiệu mới,https://cafef.vn/du-lieu/ABB-2401727/abb-abbank-thay-doi-nhan-dien-thuong-hieu-moi.chn,cafef
2026-02-06,ABB: Nghị quyết Hội đồng quản trị Tái cấp và tăng hạn mức tín dụng cho Công ty Cổ phần Ô tô Gel O&J,Nghị quyết Hội đồng quản trị,https://cafef.vn/du-lieu/ABB-2398765/abb-nghi-quyet-hoi-dong-quan-tri-tai-cap-va-tang-han-muc-tin-dung-cho-cong-ty-co-phan-o-to-gel-oj.chn,cafef
2026-02-04,"ABB: 26.02.2026, ngày GDKHQ Thực hiện quyền tham dự họp Đại hội cổ đông thường niên năm 2026",Ngày đăng ký cuối cùng Thực hiện quyền tham dự họp Đại hội cổ đông thường niên năm 2026,https://cafef.vn/du-lieu/ABB-2397401/abb-26022026-ngay-gdkhq-thuc-hien-quyen-tham-du-hop-dai-hoi-co-dong-thuong-nien-nam-2026.chn,cafef
2026-02-03,ABB: Tài liệu báo cáo phát hành cổ phiếu theo chương trình lựa chọn cho người lao động,Tài liệu báo cáo phát hành cổ phiếu theo chương trình lựa chọn cho người lao động,https://cafef.vn/du-lieu/ABB-2396268/abb-tai-lieu-bao-cao-phat-hanh-co-phieu-theo-chuong-trinh-lua-chon-cho-nguoi-lao-dong.chn,cafef
2026-02-03,ABB: Phát hành cổ phiếu theo chương trình lựa chọn dành cho người lao động tại ABBank,Thông báo Phát hành cổ phiếu theo chương trình lựa chọn dành cho người lao động tại ABBank,https://cafef.vn/du-lieu/ABB-2396271/abb-phat-hanh-co-phieu-theo-chuong-trinh-lua-chon-danh-cho-nguoi-lao-dong-tai-abbank.chn,cafef
2026-02-02,ABB: Nghị quyết Hội đồng quản trị Triệu tập cuộc họp Đại hội đồng Cổ đông thường niên năm 2026,Nghị quyết Hội đồng quản trị,https://cafef.vn/du-lieu/ABB-2394952/abb-nghi-quyet-hoi-dong-quan-tri-trieu-tap-cuoc-hop-dai-hoi-dong-co-dong-thuong-nien-nam-2026.chn,cafef
2026-01-30,ABB: Nghị quyết Hội đồng quản trị v.v Triệu tập cuộc họp Đại hội đồng Cổ đông thường niên năm 2026,Nghị quyết Hội đồng quản trị,https://cafef.vn/du-lieu/ABB-2393154/abb-nghi-quyet-hoi-dong-quan-tri-vv-trieu-tap-cuoc-hop-dai-hoi-dong-co-dong-thuong-nien-nam-2026.chn,cafef
2026-01-29,ABB: Báo cáo quản trị công ty năm 2025,Báo cáo quản trị công ty năm 2025,https://cafef.vn/du-lieu/ABB-2392287/abb-bao-cao-quan-tri-cong-ty-nam-2025.chn,cafef
2026-01-29,ABB: Phụ lục danh sách phân bổ ESOP,Phụ lục danh sách phân bổ ESOP,https://cafef.vn/du-lieu/ABB-2392853/abb-phu-luc-danh-sach-phan-bo-esop.chn,cafef
2026-01-27,ABB: Ông Trịnh Thanh Hải Thành viên HĐQT đăng ký thực hiện 54.612 quyền mua,Thông báo chuyển nhượng quyền mua,https://cafef.vn/du-lieu/ABB-2390933/abb-ong-trinh-thanh-hai-thanh-vien-hdqt-dang-ky-thuc-hien-54612-quyen-mua.chn,cafef
2026-01-26,ABB: Nghị quyết HĐQT triễn khai thực hiện Phương án phát hành cổ phiếu theo Chương trình lựa chọn cho người lao động,Nghị quyết Hội đồng quản trị,https://cafef.vn/du-lieu/ABB-2390296/abb-nghi-quyet-hdqt-trien-khai-thuc-hien-phuong-an-phat-hanh-co-phieu-theo-chuong-trinh-lua-chon-cho-nguoi-lao-dong.chn,cafef
2026-01-26,ABB: Nghị quyết Hội đồng quản trị Phê duyệt chủ chương ký kết Hợp đồng hợp tác giữa Ngân hàng và BLQ,Nghị quyết Hội đồng quản trị,https://cafef.vn/du-lieu/ABB-2390297/abb-nghi-quyet-hoi-dong-quan-tri-phe-duyet-chu-chuong-ky-ket-hop-dong-hop-tac-giua-ngan-hang-va-blq.chn,cafef
2026-01-08,"ABB: 14.01.2026,ngày GDKHQ Thực hiện quyền mua cổ phiếu chào bán thêm cho cổ đông hiện hữu ( tỷ lệ 100:03)",Ngày đăng ký cuối cùng Thực hiện quyền mua cổ phiếu chào bán thêm cho cổ đông hiện hữu,https://cafef.vn/du-lieu/ABB-2382399/abb-14012026ngay-gdkhq-thuc-hien-quyen-mua-co-phieu-chao-ban-them-cho-co-dong-hien-huu--ty-le-10003.chn,cafef
2026-01-07,ABB: Nghị quyết Hội đồng quản trị Phê duyệt Cấp Thẻ tín dụng thành viên HĐQT,Nghị quyết Hội đồng quản trị,https://cafef.vn/du-lieu/ABB-2377735/abb-nghi-quyet-hoi-dong-quan-tri-phe-duyet-cap-the-tin-dung-thanh-vien-hdqt.chn,cafef
2026-01-07,ABB: Nghị quyết Đại hội đồng cổ đông bất thường năm 2026,Nghị quyết Đại hội đồng cổ đông bất thường năm 2026,https://cafef.vn/du-lieu/ABB-2377764/abb-nghi-quyet-dai-hoi-dong-co-dong-bat-thuong-nam-2026.chn,cafef
2026-01-06,"ABB: Thông báo hướng dẫn cổ đông, nhà đầu tư mua cổ phiếu, chuyển nhượng quyền mua",Thông báo,https://cafef.vn/du-lieu/ABB-2377265/abb-thong-bao-huong-dan-co-dong-nha-dau-tu-mua-co-phieu-chuyen-nhuong-quyen-mua.chn,cafef
2026-01-05,ABB: Giấy chứng nhận đăng ký chào bán thêm cổ phiếu ra công chúng,Giấy chứng nhận đăng ký chào bán thêm cổ phiếu ra công chúng,https://cafef.vn/du-lieu/ABB-2375896/abb-giay-chung-nhan-dang-ky-chao-ban-them-co-phieu-ra-cong-chung.chn,cafef
2026-01-05,ABB: Thông báo Chào bán cổ phiếu ra công chúng,Thông báo Chào bán cổ phiếu ra công chúng,https://cafef.vn/du-lieu/ABB-2375897/abb-thong-bao-chao-ban-co-phieu-ra-cong-chung.chn,cafef
2026-01-05,ABB: Ngày đăng ký cuối cùng thực hiện quyền mua cổ phiếu chào bán ra công chúng cho cổ đông hiện hữu,Thông báo ngày đăng ký cuối cùng thực hiện quyền mua cổ phiếu chào bán ra công chúng cho cổ đông hiện hữu,https://cafef.vn/du-lieu/ABB-2375919/abb-ngay-dang-ky-cuoi-cung-thuc-hien-quyen-mua-co-phieu-chao-ban-ra-cong-chung-cho-co-dong-hien-huu.chn,cafef
2025-12-26,ABB: Tài liệu họp Đại hội đồng cổ đông,Tài liệu họp Đại hội đồng cổ đông,https://cafef.vn/du-lieu/ABB-2370034/abb-tai-lieu-hop-dai-hoi-dong-co-dong.chn,cafef
2025-12-18,ABB: Nghị quyết Hội đồng quản trị Về việc Kế hoạch sử dụng số tiền thu được từ đợt chào bán cổ phiếu,Nghị quyết Hội đồng quản trị,https://cafef.vn/du-lieu/ABB-2365096/abb-nghi-quyet-hoi-dong-quan-tri-ve-viec-ke-hoach-su-dung-so-tien-thu-duoc-tu-dot-chao-ban-co-phieu.chn,cafef
2025-12-17,ABB: Ký hợp đồng kiểm toán Báo cáo tài chính năm 2025,Ký hợp đồng kiểm toán Báo cáo tài chính năm 2025,https://cafef.vn/du-lieu/ABB-2363898/abb-ky-hop-dong-kiem-toan-bao-cao-tai-chinh-nam-2025.chn,cafef
2025-12-16,"ABB: 22.12.2025, ngày GDKHQ lấy ý kiến cổ đông bằng văn bản",Ngày đăng ký cuối cùng lấy ý kiến cổ đông bằng văn bản,https://cafef.vn/du-lieu/ABB-2362252/abb-22122025-ngay-gdkhq-lay-y-kien-co-dong-bang-van-ban.chn,cafef
2025-12-12,ABB: Nghị quyết Hội đồng quản trị v.v Lấy ý kiến Cổ đông để thông qua Nghị quyết của Đại hội đồng Cổ đông,Nghị quyết Hội đồng quản trị,https://cafef.vn/du-lieu/ABB-2359725/abb-nghi-quyet-hoi-dong-quan-tri-vv-lay-y-kien-co-dong-de-thong-qua-nghi-quyet-cua-dai-hoi-dong-co-dong.chn,cafef
2025-12-11,ABB: Nghị quyết Hội đồng quản trị v.v lấy ý kiến cổ đông bằng văn bản,Nghị quyết Hội đồng quản trị,https://cafef.vn/du-lieu/ABB-2359590/abb-nghi-quyet-hoi-dong-quan-tri-vv-lay-y-kien-co-dong-bang-van-ban.chn,cafef
2025-12-09,ABB: Nghị quyết Hội đồng quản trị v.v Phê duyệt Cấp tín dụng cho khách hàng,Nghị quyết Hội đồng quản trị,https://cafef.vn/du-lieu/ABB-2357680/abb-nghi-quyet-hoi-dong-quan-tri-vv-phe-duyet-cap-tin-dung-cho-khach-hang.chn,cafef
2025-12-02,"ABBANK bứt phá mạnh mẽ, đạt 3.400 tỷ đồng lợi nhuận trong 11 tháng đầu năm","Theo cập nhật mới nhất từ ABBANK, tính đến ngày 30/11/2025, lợi nhuận trước thuế lũy kế của ngân hàng này đạt mức 3.400 tỷ đồng, hoàn thành gấp gần 2 lần kế hoạch cả năm.",https://cafef.vn/abbank-but-pha-manh-me-dat-3400-ty-dong-loi-nhuan-trong-11-thang-dau-nam-188251202072415286.chn,cafef
2025-12-02,ABB: Nghị quyết Hội đồng quản trị tái cấp tín dụng đối với Công ty cổ phần chứng khoán An Bình,Nghị quyết Hội đồng quản trị,https://cafef.vn/du-lieu/ABB-2352916/abb-nghi-quyet-hoi-dong-quan-tri-tai-cap-tin-dung-doi-voi-cong-ty-co-phan-chung-khoan-an-binh.chn,cafef
2025-11-24,ABB: Nghị quyết Hội đồng quản trị v.v thay đổi điều kiện cấp tín dụng đã phê duyệt đối với khách hàng,Nghị quyết Hội đồng quản trị,https://cafef.vn/du-lieu/ABB-2346311/abb-nghi-quyet-hoi-dong-quan-tri-vv-thay-doi-dieu-kien-cap-tin-dung-da-phe-duyet-doi-voi-khach-hang.chn,cafef
2025-11-13,"ABB: Nghị quyết Hội đồng quản trị Phê duyệt chi phí ABBANK tài trợ, chỉ trả cho SVF",Nghị quyết Hội đồng quản trị,https://cafef.vn/du-lieu/ABB-2345394/abb-nghi-quyet-hoi-dong-quan-tri-phe-duyet-chi-phi-abbank-tai-tro-chi-tra-cho-svf.chn,cafef
2025-11-12,ABB: Quyết định Hội đồng quản trị thông qua hồ sơ đăng ký chào bán chứng khoán ra công chúng,Quyết định Hội đồng quản trị,https://cafef.vn/du-lieu/ABB-2338371/abb-quyet-dinh-hoi-dong-quan-tri-thong-qua-ho-so-dang-ky-chao-ban-chung-khoan-ra-cong-chung.chn,cafef
2025-10-31,ABB: Nghị quyết Hội đồng quản trị thay đổi tổ chức kiểm toán độc lập thực hiện kiểm toán Báo cáo tài chính,Nghị quyết Hội đồng quản trị,https://cafef.vn/du-lieu/ABB-2330372/abb-nghi-quyet-hoi-dong-quan-tri-thay-doi-to-chuc-kiem-toan-doc-lap-thuc-hien-kiem-toan-bao-cao-tai-chinh.chn,cafef
2025-10-28,ABB: Nghị quyết HĐQT phương án đảm bảo việc phát hành cổ phiếu đáp ứng quy định về tỷ lệ sở hữu nước ngoài,Nghị quyết Hội đồng quản trị,https://cafef.vn/du-lieu/ABB-2327739/abb-nghi-quyet-hdqt-phuong-an-dam-bao-viec-phat-hanh-co-phieu-dap-ung-quy-dinh-ve-ty-le-so-huu-nuoc-ngoai.chn,cafef
2025-10-27,ABB: Văn bản chấp thuận của Ngân hàng Nhà nước Việt Nam về việc tăng vốn điều lệ,Văn bản chấp thuận của Ngân hàng Nhà nước Việt Nam về việc tăng vốn điều lệ,https://cafef.vn/du-lieu/ABB-2326641/abb-van-ban-chap-thuan-cua-ngan-hang-nha-nuoc-viet-nam-ve-viec-tang-von-dieu-le.chn,cafef
2025-10-27,ABB: Nghị quyết HĐQT phê duyệt việc lựa chọn và ký Hợp đồng tư vấn với Công ty Cổ phần chứng khoán An Bình,Nghị quyết Hội đồng quản trị,https://cafef.vn/du-lieu/ABB-2326643/abb-nghi-quyet-hdqt-phe-duyet-viec-lua-chon-va-ky-hop-dong-tu-van-voi-cong-ty-co-phan-chung-khoan-an-binh.chn,cafef
2025-10-23,ABB: Nghị quyết Hội đồng quản trị phê duyệt Gia hạn và giảm diện tích thuê nhà làm trụ sở Phòng Giao dịch,Nghị quyết Hội đồng quản trị,https://cafef.vn/du-lieu/ABB-2325866/abb-nghi-quyet-hoi-dong-quan-tri-phe-duyet-gia-han-va-giam-dien-tich-thue-nha-lam-tru-so-phong-giao-dich.chn,cafef
2025-10-09,ABB: Nghị quyết Hội đồng quản trị phê duyệt cấp tín dụng cho khách hàng,Nghị quyết Hội đồng quản trị,https://cafef.vn/du-lieu/ABB-2314331/abb-nghi-quyet-hoi-dong-quan-tri-phe-duyet-cap-tin-dung-cho-khach-hang.chn,cafef
2025-10-07,ABB: Nghị quyết Hội đồng quản trị phê duyệt phương án phát hành trái phiếu doanh nghiệp riêng lẻ,Nghị quyết Hội đồng quản trị,https://cafef.vn/du-lieu/ABB-2312298/abb-nghi-quyet-hoi-dong-quan-tri-phe-duyet-phuong-an-phat-hanh-trai-phieu-doanh-nghiep-rieng-le.chn,cafef
2025-09-30,ABB: Nghị quyết Hội đồng quản trị phê duyệt giao dịch liên quan giữa ABBANK và Công ty CP ô tô Gel O&J,Nghị quyết Hội đồng quản trị,https://cafef.vn/du-lieu/ABB-2308590/abb-nghi-quyet-hoi-dong-quan-tri-phe-duyet-giao-dich-lien-quan-giua-abbank-va-cong-ty-cp-o-to-gel-oj.chn,cafef
2025-09-29,ABB: Nghị quyết Hội đồng quản trị phê duyệt Cấp tín dụng cho khách hàng,Nghị quyết Hội đồng quản trị,https://cafef.vn/du-lieu/ABB-2307361/abb-nghi-quyet-hoi-dong-quan-tri-phe-duyet-cap-tin-dung-cho-khach-hang.chn,cafef
2025-09-29,ABB: Nghị quyết Hội đồng quản trị phê duyệt Phương án phát hành trái phiếu doanh nghiệp riêng lẻ tăng vốn cấp 2 năm 2025,Nghị quyết Hội đồng quản trị,https://cafef.vn/du-lieu/ABB-2307374/abb-nghi-quyet-hoi-dong-quan-tri-phe-duyet-phuong-an-phat-hanh-trai-phieu-doanh-nghiep-rieng-le-tang-von-cap-2-nam-2025.chn,cafef
2025-09-19,ABB: Quyết định Hội đồng quản trị ban hành quy chế Phát hành cổ phiếu ESOP năm 2025,Quyết định Hội đồng quản trị,https://cafef.vn/du-lieu/ABB-2300770/abb-quyet-dinh-hoi-dong-quan-tri-ban-hanh-quy-che-phat-hanh-co-phieu-esop-nam-2025.chn,cafef
2025-09-18,ABB: Nghị quyết Đại hội đồng cổ đông lấy ý kiến cổ đông bằng văn bản,Nghị quyết Đại hội đồng cổ đông lấy ý kiến cổ đông bằng văn bản,https://cafef.vn/du-lieu/ABB-2301145/abb-nghi-quyet-dai-hoi-dong-co-dong-lay-y-kien-co-dong-bang-van-ban.chn,cafef
2025-08-20,ABB: Cấp Hạn mức thấu chi đối với người có liên quan của người nội bộ,Cấp Hạn mức thấu chi đối với người có liên quan của người nội bộ,https://cafef.vn/du-lieu/ABB-2279346/abb-cap-han-muc-thau-chi-doi-voi-nguoi-co-lien-quan-cua-nguoi-noi-bo.chn,cafef
2025-08-20,ABB: Điều chỉnh mức phí tư vấn tại Hợp đồng Dịch vụ tư vấn giữa ABBANK và Ông Vũ Văn Hậu,Điều chỉnh mức phí tư vấn tại Hợp đồng Dịch vụ tư vấn giữa ABBANK và Ông Vũ Văn Hậu,https://cafef.vn/du-lieu/ABB-2279965/abb-dieu-chinh-muc-phi-tu-van-tai-hop-dong-dich-vu-tu-van-giua-abbank-va-ong-vu-van-hau.chn,cafef
2025-08-20,"ABB: Nghị quyết Hội đồng quản trị phê duyệt gia hạn thêm thời gian ủy quyền cho ABBA khai thác, kinh doanh",Nghị quyết Hội đồng quản trị,https://cafef.vn/du-lieu/ABB-2280086/abb-nghi-quyet-hoi-dong-quan-tri-phe-duyet-gia-han-them-thoi-gian-uy-quyen-cho-abba-khai-thac-kinh-doanh.chn,cafef
2025-08-13,ABB: Nghị quyết Hội đồng quản trị lấy ý kiến cổ đông thông qua nghị quyết về phương án tăng vốn điều lệ,Nghị quyết Hội đồng quản trị,https://cafef.vn/du-lieu/ABB-2270586/abb-nghi-quyet-hoi-dong-quan-tri-lay-y-kien-co-dong-thong-qua-nghi-quyet-ve-phuong-an-tang-von-dieu-le.chn,cafef
2025-08-13,ABB: Ngày đăng ký cuối cùng thực hiện quyền lấy ý kiến cổ đông về Phương án Tăng mức vốn điều lệ ABBANK,Thông báo về ngày đăng ký cuối cùng thực hiện quyền lấy ý kiến cổ đông về Phương án Tăng mức vốn điều lệ ABBANK,https://cafef.vn/du-lieu/ABB-2270587/abb-ngay-dang-ky-cuoi-cung-thuc-hien-quyen-lay-y-kien-co-dong-ve-phuong-an-tang-muc-von-dieu-le-abbank.chn,cafef
2025-08-12,ABB: Điều lệ Ngân hàng TMCP An Bình,Điều lệ Ngân hàng TMCP An Bình,https://cafef.vn/du-lieu/ABB-2270470/abb-dieu-le-ngan-hang-tmcp-an-binh.chn,cafef
2025-08-11,ABB: Thay đổi địa chỉ đặt trụ sở chính tại Giấy phép thành lập và hoạt động của ABBANK,Thay đổi địa chỉ đặt trụ sở chính tại Giấy phép thành lập và hoạt động của ABBANK,https://cafef.vn/du-lieu/ABB-2267765/abb-thay-doi-dia-chi-dat-tru-so-chinh-tai-giay-phep-thanh-lap-va-hoat-dong-cua-abbank.chn,cafef
2025-07-31,ABB: Báo cáo quản trị công ty bán niên 2025,Báo cáo quản trị công ty bán niên 2025,https://cafef.vn/du-lieu/ABB-2260913/abb-bao-cao-quan-tri-cong-ty-ban-nien-2025.chn,cafef
2025-07-30,"ABBANK chuyển mình mạnh mẽ, lợi nhuận tăng gần 200% trong 6 tháng, hoàn thành 93% kế hoạch cả năm","Kết thúc quý II/2025, Ngân hàng TMCP An Bình (ABBANK) đạt 1.669 tỷ đồng lợi nhuận trước thuế, tăng gần 200% so với cùng kỳ năm 2024 và hoàn thành 93% kế hoạch cả năm 2025.",https://cafef.vn/abbank-chuyen-minh-manh-me-loi-nhuan-tang-gan-200-trong-6-thang-hoan-thanh-93-ke-hoach-ca-nam-188250730160018816.chn,cafef
2025-07-29,ABB: Quyết định về việc xử phạt vi phạm hành chính về thuế qua kiểm tra thuế,Quyết định về việc xử phạt vi phạm hành chính về thuế qua kiểm tra thuế,https://cafef.vn/du-lieu/ABB-2258388/abb-quyet-dinh-ve-viec-xu-phat-vi-pham-hanh-chinh-ve-thue-qua-kiem-tra-thue.chn,cafef
2025-07-07,ABB: Nghị quyết Hội đồng quản trị v.v phê duyệt quản lý và ủy thác tài sản của ABBank,Nghị quyết Hội đồng quản trị,https://cafef.vn/du-lieu/ABB-2244476/abb-nghi-quyet-hoi-dong-quan-tri-vv-phe-duyet-quan-ly-va-uy-thac-tai-san-cua-abbank.chn,cafef
2025-07-03,ABB: Nghị quyết Hội đồng quản trị ký kết hợp đồng hợp tác giữa ABBank - ABBA triển khai dự án CD Core,Nghị quyết Hội đồng quản trị,https://cafef.vn/du-lieu/ABB-2240291/abb-nghi-quyet-hoi-dong-quan-tri-ky-ket-hop-dong-hop-tac-giua-abbank-abba-trien-khai-du-an-cd-core.chn,cafef
2025-06-09,ABB: Người được ủy quyền đại diện vốn góp của Maybank tại ABBANK,Người được ủy quyền đại diện vốn góp của Maybank tại ABBANK,https://cafef.vn/du-lieu/ABB-2218762/abb-nguoi-duoc-uy-quyen-dai-dien-von-gop-cua-maybank-tai-abbank.chn,cafef
2025-05-15,ABB: Ký thỏa thuận hợp tác chiến lược với Quỹ Khởi nghiệp Doanh nghiệp Khoa học và Công nghệ Việt Nam,Ký thỏa thuận hợp tác chiến lược với Quỹ Khởi nghiệp Doanh nghiệp Khoa học và Công nghệ Việt Nam,https://cafef.vn/du-lieu/ABB-2204507/abb-ky-thoa-thuan-hop-tac-chien-luoc-voi-quy-khoi-nghiep-doanh-nghiep-khoa-hoc-va-cong-nghe-viet-nam.chn,cafef
2025-04-29,Lợi nhuận của ABBANK quý 1/2025 tăng gấp hơn 2 lần cùng kỳ,"Kết thúc quý 1/2025, Ngân hàng TMCP An Bình (ABBANK) đạt 407 tỷ đồng lợi nhuận trước thuế, tăng 128% so với cùng kỳ năm 2024. Công tác chuyển đổi số tiếp tục là điểm sáng với việc ra mắt nền tảng ngân hàng số mới mang tên ABBANK dành cho Khách hàng cá nhân.",https://cafef.vn/loi-nhuan-cua-abbank-quy-12025-tang-gap-hon-2-lan-cung-ky-188250429143939365.chn,cafef
2025-04-24,ABB: Nghị quyết Đại hội đồng cổ đông thường niên năm 2025,Nghị quyết Đại hội đồng cổ đông thường niên năm 2025,https://cafef.vn/du-lieu/ABB-2186421/abb-nghi-quyet-dai-hoi-dong-co-dong-thuong-nien-nam-2025.chn,cafef
2025-04-24,ABB: Điều lệ Công ty,Điều lệ Công ty,https://cafef.vn/du-lieu/ABB-2186427/abb-dieu-le-cong-ty.chn,cafef
2025-04-20,"Đặt mục tiêu tăng trưởng lợi nhuận 131% trong năm nay lên 1.800 tỷ, ABBANK dựa trên cơ sở nào?",Lãnh đạo ABBANK khẳng định sự quyết liệt của nhà băng này trong việc nâng cao hiệu quả hoạt động Ngân hàng ngay từ đầu năm 2025.,https://cafef.vn/dat-muc-tieu-tang-truong-loi-nhuan-131-trong-nam-nay-len-1800-ty-abbank-dua-tren-co-so-nao-188250420072224889.chn,cafef
2025-03-31,"ABBANK đặt mục tiêu lợi nhuận tăng 131% trong năm nay, lên 1.800 tỷ đồng, sẽ ĐHCĐ vào ngày 18/4",ABBANK cũng vừa công bố báo cáo tài chính năm 2024 sau kiểm toán cùng những nội dung quan trọng dự kiến của phiên họp Đại hội đồng Cổ đông thường niên vào ngày 18/4/2025.,https://cafef.vn/abbank-dat-muc-tieu-loi-nhuan-tang-131-trong-nam-nay-len-1800-ty-dong-se-dhcd-vao-ngay-184-188250331215542691.chn,cafef
2025-03-31,ABB: Tài liệu họp Đại hội đồng cổ đông,Tài liệu họp Đại hội đồng cổ đông,https://cafef.vn/du-lieu/ABB-2162580/abb-tai-lieu-hop-dai-hoi-dong-co-dong.chn,cafef
2025-03-27,ABB: Tài liệu họp Đại hội đồng cổ đông,Tài liệu họp Đại hội đồng cổ đông,https://cafef.vn/du-lieu/ABB-2161665/abb-tai-lieu-hop-dai-hoi-dong-co-dong.chn,cafef
2025-03-21,ABB: Đề nghị Rút đơn từ nhiệm phó chủ tịch Hội đồng quản trị,Đề nghị Rút đơn từ nhiệm phó chủ tịch Hội đồng quản trị,https://cafef.vn/du-lieu/ABB-2156188/abb-de-nghi-rut-don-tu-nhiem-pho-chu-tich-hoi-dong-quan-tri.chn,cafef
2025-03-11,ABB: Ngày đăng ký cuối cùng để thực hiện quyền cho cổ đông hiện hữu,Thông báo về ngày đăng ký cuối cùng để thực hiện quyền cho cổ đông hiện hữu,https://cafef.vn/du-lieu/ABB-2148180/abb-ngay-dang-ky-cuoi-cung-de-thuc-hien-quyen-cho-co-dong-hien-huu.chn,cafef
2025-02-28,ABB: Tài liệu họp Đại hội đồng cổ đông,Tài liệu họp Đại hội đồng cổ đông,https://cafef.vn/du-lieu/ABB-2139993/abb-tai-lieu-hop-dai-hoi-dong-co-dong.chn,cafef
2025-02-17,ABB: Cấp Hạn mức tín dụng cho người có liên quan,Cấp Hạn mức tín dụng cho người có liên quan,https://cafef.vn/du-lieu/ABB-2131613/abb-cap-han-muc-tin-dung-cho-nguoi-co-lien-quan.chn,cafef
2025-02-13,ABB: Quyết định Hội đồng quản trị Ban hành quy chế công bố thông tin,Quyết định Hội đồng quản trị,https://cafef.vn/du-lieu/ABB-2129594/abb-quyet-dinh-hoi-dong-quan-tri-ban-hanh-quy-che-cong-bo-thong-tin.chn,cafef
2025-02-12,ABB: Tài liệu họp Đại hội đồng cổ đông,Tài liệu họp Đại hội đồng cổ đông,https://cafef.vn/du-lieu/ABB-2128976/abb-tai-lieu-hop-dai-hoi-dong-co-dong.chn,cafef
2025-01-24,"ABBank báo lãi 809 tỷ đồng trong năm 2024, tăng trưởng 58%","Cùng với sự tăng trưởng về quy mô hoạt động, số lượng giao dịch qua kênh số tại ABBank cũng có sự bứt phá đáng kể nhờ việc đầu tư nguồn lực nhằm tăng tiện ích và trải nghiệm khách hàng.",https://cafef.vn/abbank-bao-lai-809-ty-dong-trong-nam-2024-tang-truong-58-188250124142952865.chn,cafef
2025-01-24,ABB: Báo cáo quản trị công ty năm 2024,Báo cáo quản trị công ty năm 2024,https://cafef.vn/du-lieu/ABB-2123914/abb-bao-cao-quan-tri-cong-ty-nam-2024.chn,cafef
2025-01-22,"ABB:5.2.2025, ngày GDKHQ  lấy ý kiến cổ đông bằng văn bản",Ngày đăng ký cuối cùng lấy ý kiến cổ đông bằng văn bản,https://cafef.vn/du-lieu/ABB-2119415/abb522025-ngay-gdkhq-lay-y-kien-co-dong-bang-van-ban.chn,cafef
2025-01-22,ABB: Ký hợp đồng dịch vụ tư vấn hoạt động kinh doanh,Ký hợp đồng dịch vụ tư vấn hoạt động kinh doanh,https://cafef.vn/du-lieu/ABB-2119841/abb-ky-hop-dong-dich-vu-tu-van-hoat-dong-kinh-doanh.chn,cafef
2025-01-20,ABB: Đính chính ngày chốt danh sách cổ đông,Đính chính ngày chốt danh sách cổ đông,https://cafef.vn/du-lieu/ABB-2117816/abb-dinh-chinh-ngay-chot-danh-sach-co-dong.chn,cafef
2025-01-17,ABB: Đơn xin từ nhiệm của ông Vũ Văn Tiền Phó chủ tịch HĐQT,Đơn xin từ nhiệm,https://cafef.vn/du-lieu/ABB-2116997/abb-don-xin-tu-nhiem-cua-ong-vu-van-tien-pho-chu-tich-hdqt.chn,cafef
2025-01-17,ABB: Nghị quyết Hội đồng quản trị triệu tập ĐHĐCĐ năm 2025,Nghị quyết Hội đồng quản trị,https://cafef.vn/du-lieu/ABB-2116998/abb-nghi-quyet-hoi-dong-quan-tri-trieu-tap-dhdcd-nam-2025.chn,cafef
2025-01-17,ABB: Nghị quyết Hội đồng quản trị chốt danh sách cổ đông lấy ý kiến về việc thực hiện đề cử thành viên HĐQT,Nghị quyết Hội đồng quản trị,https://cafef.vn/du-lieu/ABB-2116999/abb-nghi-quyet-hoi-dong-quan-tri-chot-danh-sach-co-dong-lay-y-kien-ve-viec-thuc-hien-de-cu-thanh-vien-hdqt.chn,cafef
2025-01-17,ABB:Ngày đăng ký cuối cùng lấy ý kiến cổ đông thực hiện quyền đề cử ứng viên bầu thay thế thành viên Hội đồng quản trị,Thông báo ngày đăng ký cuối cùng lấy ý kiến cổ đông thực hiện quyền đề cử ứng viên bầu thay thế thành viên Hội đồng quản trị,https://cafef.vn/du-lieu/ABB-2117000/abbngay-dang-ky-cuoi-cung-lay-y-kien-co-dong-thuc-hien-quyen-de-cu-ung-vien-bau-thay-the-thanh-vien-hoi-dong-quan-tri.chn,cafef
2025-01-15,ABB: Cấp hạn mức Thẻ tín dụng cho người có liên quan của người nội bộ ABBANK,Cấp hạn mức Thẻ tín dụng cho người có liên quan của người nội bộ ABBANK,https://cafef.vn/du-lieu/ABB-2116043/abb-cap-han-muc-the-tin-dung-cho-nguoi-co-lien-quan-cua-nguoi-noi-bo-abbank.chn,cafef
2025-01-03,ABB: Cấp thẻ tín dụng cho Tổng giám đốc,Cấp thẻ tín dụng cho Tổng giám đốc,https://cafef.vn/du-lieu/ABB-2109682/abb-cap-the-tin-dung-cho-tong-giam-doc.chn,cafef
2024-12-26,ABB: Cấp Hạn mức tín dụng cho người có liên quan của người nội bộ,Cấp Hạn mức tín dụng cho người có liên quan của người nội bộ,https://cafef.vn/du-lieu/ABB-2105103/abb-cap-han-muc-tin-dung-cho-nguoi-co-lien-quan-cua-nguoi-noi-bo.chn,cafef
2024-12-09,ABB: Phê duyệt giao dịch cấp hạn mức thấu chi,Phê duyệt giao dịch cấp hạn mức thấu chi,https://cafef.vn/du-lieu/ABB-2096036/abb-phe-duyet-giao-dich-cap-han-muc-thau-chi.chn,cafef
2024-12-09,ABB: Phê duyệt giao dịch cấp hạn mức tín dụng cho khách hàng,Phê duyệt giao dịch cấp hạn mức tín dụng cho khách hàng,https://cafef.vn/du-lieu/ABB-2096037/abb-phe-duyet-giao-dich-cap-han-muc-tin-dung-cho-khach-hang.chn,cafef
2024-11-27,ABB: Cấp tín dụng cho người có liên quan,Cấp tín dụng cho người có liên quan,https://cafef.vn/du-lieu/ABB-2090282/abb-cap-tin-dung-cho-nguoi-co-lien-quan.chn,cafef
2024-11-11,ABB: Nghị quyết Hội đồng quản trị phê duyệt phương án phát hành trái phiếu riêng lẻ lần 1 năm 2024,Nghị quyết Hội đồng quản trị,https://cafef.vn/du-lieu/ABB-2082234/abb-nghi-quyet-hoi-dong-quan-tri-phe-duyet-phuong-an-phat-hanh-trai-phieu-rieng-le-lan-1-nam-2024.chn,cafef
2024-11-01,ABB: Giải trình liên quan đến Báo cáo tài chính quý 3 năm 2024,Giải trình liên quan đến Báo cáo tài chính quý 3 năm 2024,https://cafef.vn/du-lieu/ABB-2077846/abb-giai-trinh-lien-quan-den-bao-cao-tai-chinh-quy-3-nam-2024.chn,cafef
2024-10-30,"ABBANK lãi 252 tỷ đồng trong 9 tháng đầu năm, giao dịch trên kênh số tăng trưởng đột biến","Tính đến hết ngày 30/9/2024, Ngân hàng TMCP An Bình (ABBANK) ghi nhận sự bứt phá về số lượng giao dịch trên kênh ngân hàng số và tăng trưởng về dư nợ. Các chỉ số về khung vốn tiếp tục được đảm bảo theo quy định.",https://cafef.vn/abbank-lai-252-ty-dong-trong-9-thang-dau-nam-giao-dich-tren-kenh-so-tang-truong-dot-bien-188241030094959245.chn,cafef
2024-09-24,"ABB: Nghị quyết Hội đồng quản trị v.v thành lập chi nhánh, phòng giao dịch năm 2024",Nghị quyết Hội đồng quản trị,https://cafef.vn/du-lieu/ABB-2058958/abb-nghi-quyet-hoi-dong-quan-tri-vv-thanh-lap-chi-nhanh-phong-giao-dich-nam-2024.chn,cafef
2024-09-18,ABB: Cấp hạn mức thấu chi cho người nội bộ,Cấp hạn mức thấu chi cho người nội bộ,https://cafef.vn/du-lieu/ABB-2055833/abb-cap-han-muc-thau-chi-cho-nguoi-noi-bo.chn,cafef
2024-09-16,ABB: Cấp hạn mức thấu chi cho người có liên quan của Cổ đông lớn,Cấp hạn mức thấu chi cho người có liên quan của Cổ đông lớn,https://cafef.vn/du-lieu/ABB-2054526/abb-cap-han-muc-thau-chi-cho-nguoi-co-lien-quan-cua-co-dong-lon.chn,cafef
2024-08-13,ABB: Cấp hạn mức thẻ tín dụng cho người có liên quan của người nội bộ,Cấp hạn mức thẻ tín dụng cho người có liên quan của người nội bộ,https://cafef.vn/du-lieu/ABB-2038316/abb-cap-han-muc-the-tin-dung-cho-nguoi-co-lien-quan-cua-nguoi-noi-bo.chn,cafef
2024-08-06,ABB: Thuê thêm diện tích mặt bằng tòa Geleximco,Thuê thêm diện tích mặt bằng tòa Geleximco,https://cafef.vn/du-lieu/ABB-2035154/abb-thue-them-dien-tich-mat-bang-toa-geleximco.chn,cafef
2024-08-06,ABB: Cấp hạn mức thấu chi cho người có liên quan của người nội bộ,Cấp hạn mức thấu chi cho người có liên quan của người nội bộ,https://cafef.vn/du-lieu/ABB-2035155/abb-cap-han-muc-thau-chi-cho-nguoi-co-lien-quan-cua-nguoi-noi-bo.chn,cafef
2024-08-01,"ABBANK đạt 558 tỷ đồng lợi nhuận trước thuế trong 6 tháng, hoàn thành 56% kế hoạch cả năm 2024","Kết thúc quý II/2024, Ngân hàng TMCP An Bình (ABBANK) ghi nhận 558 tỷ đồng lợi nhuận trước thuế, đạt 56% kế hoạch năm. Ngân hàng cũng tiếp tục nâng cao trải nghiệm của khách hàng thông qua nền tảng số và đồng hành cùng doanh nghiệp qua các chương trình hỗ trợ tín dụng đẩy mạnh mở rộng sản xuất kinh doanh.",https://cafef.vn/abbank-dat-558-ty-dong-loi-nhuan-truoc-thue-trong-6-thang-hoan-thanh-56-ke-hoach-ca-nam-2024-188240801080849251.chn,cafef
2024-07-26,ABB: Báo cáo quản trị công ty bán niên 2024,Báo cáo quản trị công ty bán niên 2024,https://cafef.vn/du-lieu/ABB-2096823/abb-bao-cao-quan-tri-cong-ty-ban-nien-2024.chn,cafef
2024-06-03,SHN: Nghị quyết HĐQT chấp thuận phươn án nhận cấp tín dụng của ABBank,SHN: Nghị quyết HĐQT chấp thuận phươn án nhận cấp tín dụng của ABBank,https://cafef.vn/du-lieu/ABB-2002215/shn-nghi-quyet-hdqt-chap-thuan-phuon-an-nhan-cap-tin-dung-cua-abbank.chn,cafef
2024-05-27,ABB: Cấp thẻ tín dụng cho người nội bộ và người có liên quan của người nội bộ,Cấp thẻ tín dụng cho người nội bộ và người có liên quan của người nội bộ,https://cafef.vn/du-lieu/ABB-1998383/abb-cap-the-tin-dung-cho-nguoi-noi-bo-va-nguoi-co-lien-quan-cua-nguoi-noi-bo.chn,cafef
2024-04-25,"Quý I/2024: ABBank lãi 178 tỷ đồng, thu hoạch lớn từ ngân hàng số","Kết thúc quý I năm 2024, Ngân hàng TMCP An Bình (ABBANK) ghi nhận tăng mạnh số lượng giao dịch qua kênh ngân hàng số, tổng huy động và dư nợ cũng đạt tăng trưởng so với cùng kỳ.",https://cafef.vn/quy-i2024-abbank-lai-178-ty-dong-thu-hoach-lon-tu-ngan-hang-so-188240425182952124.chn,cafef
2024-04-19,ABB: Cấp thẻ tín dụng cho người có liên quan của người nội bộ,Cấp thẻ tín dụng cho người có liên quan của người nội bộ,https://cafef.vn/du-lieu/ABB-1980783/abb-cap-the-tin-dung-cho-nguoi-co-lien-quan-cua-nguoi-noi-bo.chn,cafef
2024-04-08,ABB: Nghị quyết Đại hội đồng cổ đông thường niên năm 2024,Nghị quyết Đại hội đồng cổ đông thường niên năm 2024,https://cafef.vn/du-lieu/ABB-1974530/abb-nghi-quyet-dai-hoi-dong-co-dong-thuong-nien-nam-2024.chn,cafef
2024-04-04,ABB: Tài liệu họp Đại hội đồng cổ đông,Tài liệu họp Đại hội đồng cổ đông,https://cafef.vn/du-lieu/ABB-1973316/abb-tai-lieu-hop-dai-hoi-dong-co-dong.chn,cafef
2024-04-04,ABB: Tài liệu họp Đại hội đồng cổ đông,Tài liệu họp Đại hội đồng cổ đông,https://cafef.vn/du-lieu/ABB-1973700/abb-tai-lieu-hop-dai-hoi-dong-co-dong.chn,cafef
2024-04-03,ABB: Tài liệu tổ chức ĐHCĐ thường niên năm 2024,ABB: Tài liệu tổ chức ĐHCĐ thường niên năm 2024,https://cafef.vn/du-lieu/ABB-1970341/abb-tai-lieu-to-chuc-dhcd-thuong-nien-nam-2024.chn,cafef
2024-04-02,ABB: Giao dịch Phát hành thẻ tín dụng cho người nội bộ,Giao dịch Phát hành thẻ tín dụng cho người nội bộ,https://cafef.vn/du-lieu/ABB-1972849/abb-giao-dich-phat-hanh-the-tin-dung-cho-nguoi-noi-bo.chn,cafef
2024-03-31,"ABBank chuẩn bị họp cổ đông 2024, đặt mục tiêu lợi nhuận 1.000 tỷ đồng, tín dụng tăng trưởng 13%",Ngân hàng TMCP An Bình (ABBank - mã chứng khoán ABB) vừa chính thức công bố báo cáo tài chính năm 2023 và triển khai các công tác chuẩn bị tổ chức Đại hội đồng Cổ đông thường niên vào ngày 05/4/2024.,https://cafef.vn/abbank-chuan-bi-hop-co-dong-2024-dat-muc-tieu-loi-nhuan-1000-ty-dong-tin-dung-tang-truong-13-188240331131822349.chn,cafef
2024-03-30,ABB: Giải trình liên quan đến Báo cáo tài chính năm 2023,Giải trình liên quan đến Báo cáo tài chính năm 2023,https://cafef.vn/du-lieu/ABB-1969181/abb-giai-trinh-lien-quan-den-bao-cao-tai-chinh-nam-2023.chn,cafef
2024-03-26,ABB: Tài liệu họp Đại hội đồng cổ đông,Tài liệu họp Đại hội đồng cổ đông,https://cafef.vn/du-lieu/ABB-1966678/abb-tai-lieu-hop-dai-hoi-dong-co-dong.chn,cafef
2024-03-15,ABB: Tài liệu họp Đại hội đồng cổ đông,Tài liệu họp Đại hội đồng cổ đông,https://cafef.vn/du-lieu/ABB-1960432/abb-tai-lieu-hop-dai-hoi-dong-co-dong.chn,cafef
2024-03-14,ABB: Tài liệu họp Đại hội đồng cổ đông,Tài liệu họp Đại hội đồng cổ đông,https://cafef.vn/du-lieu/ABB-1960070/abb-tai-lieu-hop-dai-hoi-dong-co-dong.chn,cafef
2024-02-26,"ABB: 7.3.2024, ngày GDKHQ tổ chức ĐHCĐ thường niên năm 2024","ABB: 7.3.2024, ngày GDKHQ tổ chức ĐHCĐ thường niên năm 2024",https://cafef.vn/du-lieu/ABB-1949827/abb-732024-ngay-gdkhq-to-chuc-dhcd-thuong-nien-nam-2024.chn,cafef
2024-02-19,"ABB: 8.3.2024, chốt DS tổ chức ĐHCĐ thường niên năm 2024","ABB: 8.3.2024, chốt DS tổ chức ĐHCĐ thường niên năm 2024",https://cafef.vn/du-lieu/ABB-1946201/abb-832024-chot-ds-to-chuc-dhcd-thuong-nien-nam-2024.chn,cafef
2024-02-19,ABB: Nghị quyết HĐQT thống nhất tổ chức ĐHCĐ thường niên năm 2024,ABB: Nghị quyết HĐQT thống nhất tổ chức ĐHCĐ thường niên năm 2024,https://cafef.vn/du-lieu/ABB-1946204/abb-nghi-quyet-hdqt-thong-nhat-to-chuc-dhcd-thuong-nien-nam-2024.chn,cafef
2024-02-06,ABB: Cấp tín dụng 2 tỷ đồng cho em dâu ông Phạm Duy Hiếu-Phó TGĐ,ABB: Cấp tín dụng 2 tỷ đồng cho em dâu ông Phạm Duy Hiếu-Phó TGĐ,https://cafef.vn/du-lieu/ABB-1941697/abb-cap-tin-dung-2-ty-dong-cho-em-dau-ong-pham-duy-hieupho-tgd.chn,cafef
2024-02-05,ABB: Báo cáo quản trị công ty năm 2023 (đính chính),ABB: Báo cáo quản trị công ty năm 2023 (đính chính),https://cafef.vn/du-lieu/ABB-1941436/abb-bao-cao-quan-tri-cong-ty-nam-2023-dinh-chinh.chn,cafef
2024-01-27,"ABBank tăng trưởng tín dụng 15,7% trong năm 2023, thu từ dịch vụ tăng 125%","Tăng trưởng tín dụng tốt nhưng thu nhập lãi thuần của ABBank lại giảm do danh mục tiền gửi huy động với lãi suất cao trong trong năm 2022 vẫn còn trong năm 2023, trong khi lãi suất cho vay đã điều chỉnh giảm theo xu hướng thị trường.",https://cafef.vn/abbank-tang-truong-tin-dung-157-trong-nam-2023-thu-tu-dich-vu-tang-125-188240127143147604.chn,cafef
2024-01-26,"ABB: 1.2.2024, ngày GDKHQ lấy ý kiến cổ đông bằng văn bản","ABB: 1.2.2024, ngày GDKHQ lấy ý kiến cổ đông bằng văn bản",https://cafef.vn/du-lieu/ABB-1936708/abb-122024-ngay-gdkhq-lay-y-kien-co-dong-bang-van-ban.chn,cafef
2023-12-25,ABB: Cấp tín dụng cho người có liên quan với Kế toán trưởng Bùi Quốc Việt,ABB: Cấp tín dụng cho người có liên quan với Kế toán trưởng Bùi Quốc Việt,https://cafef.vn/du-lieu/ABB-1919597/abb-cap-tin-dung-cho-nguoi-co-lien-quan-voi-ke-toan-truong-bui-quoc-viet.chn,cafef
2023-11-27,ABB: Nghị quyết HĐQT phê duyệt phát hành trái phiếu riêng lẻ đợt 2/2023,ABB: Nghị quyết HĐQT phê duyệt phát hành trái phiếu riêng lẻ đợt 2/2023,https://cafef.vn/du-lieu/ABB-1898974/abb-nghi-quyet-hdqt-phe-duyet-phat-hanh-trai-phieu-rieng-le-dot-22023.chn,cafef
2023-11-17,ABB: Cấp hạn mức thấu chi 900 triệu đồng cho em gái của Trưởng BKS Nguyễn Thị Hạnh Tâm,ABB: Cấp hạn mức thấu chi 900 triệu đồng cho em gái của Trưởng BKS Nguyễn Thị Hạnh Tâm,https://cafef.vn/du-lieu/ABB-1886619/abb-cap-han-muc-thau-chi-900-trieu-dong-cho-em-gai-cua-truong-bks-nguyen-thi-hanh-tam.chn,cafef
2023-10-17,ABB: Cấp hạn mức cho vay ngắn hạn 350 tỷ đồng với CK An Bình,ABB: Cấp hạn mức cho vay ngắn hạn 350 tỷ đồng với CK An Bình,https://cafef.vn/du-lieu/ABB-1847746/abb-cap-han-muc-cho-vay-ngan-han-350-ty-dong-voi-ck-an-binh.chn,cafef
2023-10-11,ABB: Nghị quyết HĐQT phê duyệt giao dịch trái phiếu tại HNX,ABB: Nghị quyết HĐQT phê duyệt giao dịch trái phiếu tại HNX,https://cafef.vn/du-lieu/ABB-1840212/abb-nghi-quyet-hdqt-phe-duyet-giao-dich-trai-phieu-tai-hnx.chn,cafef
2023-09-22,ABB: Cấp hạn mức thấu chi cho ông Nguyễn Quốc Huy-Phó TGĐ Tập đoàn Geleximco,ABB: Cấp hạn mức thấu chi cho ông Nguyễn Quốc Huy-Phó TGĐ Tập đoàn Geleximco,https://cafef.vn/du-lieu/ABB-1813233/abb-cap-han-muc-thau-chi-cho-ong-nguyen-quoc-huypho-tgd-tap-doan-geleximco.chn,cafef
2023-08-23,ABB: Triển khai Phương án phát hành Trái phiếu riêng lẻ lần 01 năm 2023,Triển khai Phương án phát hành Trái phiếu riêng lẻ lần 01 năm 2023,https://cafef.vn/du-lieu/ABB-1780273/abb-trien-khai-phuong-an-phat-hanh-trai-phieu-rieng-le-lan-01-nam-2023.chn,cafef
2023-08-23,ABB: Nghị quyết HĐQT phê duyệt phương án phát hành trái phiếu riêng lẻ lần 1 năm 2023,Nghị quyết Hội đồng quản trị,https://cafef.vn/du-lieu/ABB-1780285/abb-nghi-quyet-hdqt-phe-duyet-phuong-an-phat-hanh-trai-phieu-rieng-le-lan-1-nam-2023.chn,cafef
2023-08-22,CEO ABBank Phạm Duy Hiếu: “Tổ chức luôn trao cơ hội nếu bạn còn khát khao cống hiến”,"Từng là CEO trẻ nhất ngành ngân hàng (nhậm chức ở tuổi 34), gắn bó với ABBank ở nhiều cương vị trọng yếu, ông Phạm Duy Hiếu – người vừa quay trở lại với cương vị Quyền Tổng giám đốc ABBank chia sẻ: “luôn xây dựng tâm thế sẵn sàng cho những bước tiến lớn, cùng các đồng sự của mình"".",https://cafef.vn/ceo-abbank-pham-duy-hieu-to-chuc-luon-trao-co-hoi-neu-ban-con-khat-khao-cong-hien-188230822125648503.chn,cafef
2023-08-01,ABB: Báo cáo quản trị công ty bán niên 2023,Báo cáo quản trị công ty bán niên 2023,https://cafef.vn/du-lieu/ABB-1757395/abb-bao-cao-quan-tri-cong-ty-ban-nien-2023.chn,cafef
2023-07-21,"KQKD ngân hàng quý 2/2023: Cập nhật ABBank, TPBank, xuất hiện những diễn biến bất ngờ","Cập nhật ngày 21/7 đã có 7 ngân hàng công bố kết quả kinh doanh quý 2/2023 gồm: Sacombank, MSB, TPBank, LPBank, ABBank, BacABank, PGBank.",https://cafef.vn/kqkd-ngan-hang-quy-22023-cap-nhat-abbank-tpbank-xuat-hien-nhung-dien-bien-bat-ngo-188230721112806091.chn,cafef
2023-07-20,ABBank đạt 638 tỷ đồng lợi nhuận trước thuế trong 6 tháng đầu năm 2023,Trong các mảng kinh doanh trọng yếu thì lãi từ dịch vụ là điểm sáng của ABBank khi tăng trưởng 24% trong nửa đầu năm nay.,https://cafef.vn/abbank-dat-638-ty-dong-loi-nhuan-truoc-thue-trong-6-thang-dau-nam-2023-188230720195743474.chn,cafef
2023-07-17,ABB: Thay đổi giấy đăng ký kinh doanh,Thay đổi giấy đăng ký kinh doanh,https://cafef.vn/du-lieu/ABB-764178/abb-thay-doi-giay-dang-ky-kinh-doanh.chn,cafef
2023-07-13,"ABB: Ngày 19/07/2023, giao dịch 94.089.680 cổ phiếu ĐKGD bổ sung","Ngày 19/07/2023, ngày giao dịch đầu tiên của cổ phiếu ĐKGD bổ sung",https://cafef.vn/du-lieu/ABB-760121/abb-ngay-19072023-giao-dich-94089680-co-phieu-dkgd-bo-sung.chn,cafef
2023-07-07,ABB: Thay đổi giấy đăng ký kinh doanh,Thay đổi giấy đăng ký kinh doanh,https://cafef.vn/du-lieu/ABB-546200/abb-thay-doi-giay-dang-ky-kinh-doanh.chn,cafef
2023-07-04,ABB: Chấp thuận niêm yết bổ sung 94.089.680 cổ phiếu,Quyết định chấp thuận đăng ký giao dịch bổ sung 94.089.680 cổ phiếu,https://cafef.vn/du-lieu/ABB-538941/abb-chap-thuan-niem-yet-bo-sung-94089680-co-phieu.chn,cafef
2023-06-28,ABB: Ký hợp đồng kiểm toán Báo cáo tài chính năm 2023,Ký hợp đồng kiểm toán Báo cáo tài chính năm 2023,https://cafef.vn/du-lieu/ABB-533633/abb-ky-hop-dong-kiem-toan-bao-cao-tai-chinh-nam-2023.chn,cafef
2023-06-16,ABB: Điều lệ của ABBANK,Điều lệ của ABBANK,https://cafef.vn/du-lieu/ABB-214136/abb-dieu-le-cua-abbank.chn,cafef
2023-06-07,ABB: Số lượng cổ phiếu có quyền biểu quyết đang lưu hành là 1.035.036.762 CP,Th&ocirc;ng b&aacute;o thay đổi số lượng cổ phiếu c&oacute; quyền biểu quyết đang lưu h&agrave;nh,https://cafef.vn/du-lieu/ABB-219023/abb-so-luong-co-phieu-co-quyen-bieu-quyet-dang-luu-hanh-la-1035036762-cp.chn,cafef
2023-05-17,ABB: Giải trình liên quan đến Báo cáo tài chính quý 2 năm 2021,Giải tr&igrave;nh li&ecirc;n quan đến B&aacute;o c&aacute;o t&agrave;i ch&iacute;nh qu&yacute; 2 năm 2021,https://cafef.vn/du-lieu/ABB-231875/abb-giai-trinh-lien-quan-den-bao-cao-tai-chinh-quy-2-nam-2021.chn,cafef
2023-05-16,ABB: Giải trình liên quan đến Báo cáo tài chính,Giải tr&igrave;nh li&ecirc;n quan đến B&aacute;o c&aacute;o t&agrave;i ch&iacute;nh,https://cafef.vn/du-lieu/ABB-232730/abb-giai-trinh-lien-quan-den-bao-cao-tai-chinh.chn,cafef
2023-05-09,ABB: Nghị quyết Đại hội đồng cổ đông thường niên năm 2023,Nghị quyết Đại hội đồng cổ đ&ocirc;ng thường ni&ecirc;n năm 2023,https://cafef.vn/du-lieu/ABB-237362/abb-nghi-quyet-dai-hoi-dong-co-dong-thuong-nien-nam-2023.chn,cafef
2023-05-09,ABB: Thông báo phát hành cổ phiếu để trả cổ tức,Th&ocirc;ng b&aacute;o ph&aacute;t h&agrave;nh cổ phiếu để trả cổ tức,https://cafef.vn/du-lieu/ABB-237365/abb-thong-bao-phat-hanh-co-phieu-de-tra-co-tuc.chn,cafef
2023-05-08,ABB: Thông báo Ngày đăng ký cuối cùng thực hiện quyền cho cổ đông hiện hữu,Th&ocirc;ng b&aacute;o Ng&agrave;y đăng k&yacute; cuối c&ugrave;ng thực hiện quyền cho cổ đ&ocirc;ng hiện hữu,https://cafef.vn/du-lieu/ABB-237689/abb-thong-bao-ngay-dang-ky-cuoi-cung-thuc-hien-quyen-cho-co-dong-hien-huu.chn,cafef
2023-04-28,ABB: Tài liệu họp Đại hội đồng cổ đông,T&agrave;i liệu họp Đại hội đồng cổ đ&ocirc;ng,https://cafef.vn/du-lieu/ABB-243389/abb-tai-lieu-hop-dai-hoi-dong-co-dong.chn,cafef
2023-04-28,ABB: Tài liệu báo cáo phát hành cổ phiếu để trả cổ tức,T&agrave;i liệu b&aacute;o c&aacute;o ph&aacute;t h&agrave;nh cổ phiếu để trả cổ tức,https://cafef.vn/du-lieu/ABB-243392/abb-tai-lieu-bao-cao-phat-hanh-co-phieu-de-tra-co-tuc.chn,cafef
2023-04-27,ABB: Tài liệu họp Đại hội đồng cổ đông,T&agrave;i liệu họp Đại hội đồng cổ đ&ocirc;ng,https://cafef.vn/du-lieu/ABB-243734/abb-tai-lieu-hop-dai-hoi-dong-co-dong.chn,cafef
2023-04-27,ABB: Tài liệu họp Đại hội đồng cổ đông,T&agrave;i liệu họp Đại hội đồng cổ đ&ocirc;ng,https://cafef.vn/du-lieu/ABB-243737/abb-tai-lieu-hop-dai-hoi-dong-co-dong.chn,cafef
2023-04-27,ABB: Tài liệu họp Đại hội đồng cổ đông,T&agrave;i liệu họp Đại hội đồng cổ đ&ocirc;ng,https://cafef.vn/du-lieu/ABB-243740/abb-tai-lieu-hop-dai-hoi-dong-co-dong.chn,cafef
2023-04-27,ABB: Tài liệu họp Đại hội đồng cổ đông,T&agrave;i liệu họp Đại hội đồng cổ đ&ocirc;ng,https://cafef.vn/du-lieu/ABB-243743/abb-tai-lieu-hop-dai-hoi-dong-co-dong.chn,cafef
2023-04-21,ABB: Tài liệu họp Đại hội đồng cổ đông,T&agrave;i liệu họp Đại hội đồng cổ đ&ocirc;ng,https://cafef.vn/du-lieu/ABB-253778/abb-tai-lieu-hop-dai-hoi-dong-co-dong.chn,cafef
2023-04-18,ABB: Giải trình liên quan đến Báo cáo tài chính năm 2022,Giải tr&igrave;nh li&ecirc;n quan đến B&aacute;o c&aacute;o t&agrave;i ch&iacute;nh năm 2022,https://cafef.vn/du-lieu/ABB-261218/abb-giai-trinh-lien-quan-den-bao-cao-tai-chinh-nam-2022.chn,cafef
2023-04-17,ABB: Tài liệu họp Đại hội đồng cổ đông,T&agrave;i liệu họp Đại hội đồng cổ đ&ocirc;ng,https://cafef.vn/du-lieu/ABB-262535/abb-tai-lieu-hop-dai-hoi-dong-co-dong.chn,cafef
2023-04-12,ABB: Quyết định HĐQT v/v triển khai phát hành cổ phiếu để trả cổ tức,Quyết định Hội đồng quản trị,https://cafef.vn/du-lieu/ABB-269072/abb-quyet-dinh-hdqt-vv-trien-khai-phat-hanh-co-phieu-de-tra-co-tuc.chn,cafef
2023-04-06,"Một ngân hàng chấm dứt hợp tác bán bảo hiểm nhân thọ trước hạn, phải bồi thường dẫn đến lợi nhuận giảm trong năm 2022","Việc chấm dứt hợp tác trước thời hạn đã khiến ngân hàng phải trả bồi thường, một trong những yếu tố khiến lợi nhuận chưa hoàn thành kế hoạch trong năm qua. Tuy nhiên, điểm sáng là kết quả kinh doanh năm 2022 phản ánh thực chất nguồn thu từ hoạt động cốt lõi, tiền đề quan trọng đế ngân hàng phát triển bền vững.",https://cafef.vn/mot-ngan-hang-cham-dut-hop-tac-ban-bao-hiem-nhan-tho-truoc-han-phai-boi-thuong-dan-den-loi-nhuan-giam-trong-nam-2022-188230406122025579.chn,cafef
2023-04-06,"Hé lộ ứng viên HĐQT nhiệm kỳ mới của ABBank, dự kiến lợi nhuận đạt hơn 2.800 tỷ trong năm nay",Ngân hàng TMCP An Bình (ABBank – ABB) vừa công bố tài liệu họp Đại hội đồng cổ đông thường niên năm 2023.,https://cafef.vn/he-lo-ung-vien-hdqt-nhiem-ky-moi-cua-abbank-du-kien-loi-nhuan-dat-hon-2800-ty-trong-nam-nay-188230406101041134.chn,cafef
2023-04-05,ABB: Tài liệu họp Đại hội đồng cổ đông,T&agrave;i liệu họp Đại hội đồng cổ đ&ocirc;ng,https://cafef.vn/du-lieu/ABB-280997/abb-tai-lieu-hop-dai-hoi-dong-co-dong.chn,cafef
2023-04-04,ABB: Tài liệu họp Đại hội đồng cổ đông,T&agrave;i liệu họp Đại hội đồng cổ đ&ocirc;ng,https://cafef.vn/du-lieu/ABB-283508/abb-tai-lieu-hop-dai-hoi-dong-co-dong.chn,cafef
2023-03-27,ABB: Cấp thẻ tín dụng cho người có liên quan,Cấp thẻ t&iacute;n dụng cho người c&oacute; li&ecirc;n quan,https://cafef.vn/du-lieu/ABB-296042/abb-cap-the-tin-dung-cho-nguoi-co-lien-quan.chn,cafef
2023-03-16,"ABB: 24.3.2023, ngày GDKHQ Tham dự họp Đại hội đồng cổ đông thường niên năm 2023",Ng&agrave;y đăng k&yacute; cuối c&ugrave;ng Tham dự họp Đại hội đồng cổ đ&ocirc;ng thường ni&ecirc;n năm 2023,https://cafef.vn/du-lieu/ABB-305126/abb-2432023-ngay-gdkhq-tham-du-hop-dai-hoi-dong-co-dong-thuong-nien-nam-2023.chn,cafef
2023-03-08,ABB: Thông báo về ngày ĐKCC thực hiện quyền tham dự cuộc họp ĐHĐCĐ thường niên năm 2023,Thông báo về ngày đăng ký cuối cùng thực hiện quyền tham dự cuộc họp Đại hội đồng cổ đông thường niên năm 2023,https://cafef.vn/du-lieu/ABB-310256/abb-thong-bao-ve-ngay-dkcc-thuc-hien-quyen-tham-du-cuoc-hop-dhdcd-thuong-nien-nam-2023.chn,cafef
2023-03-08,ABB: Phê duyệt ký hợp đồng dịch vụ hỗ trợ lưu ký với người có liên quan của người nội bộ,Phê duyệt ký hợp đồng dịch vụ hỗ trợ lưu ký với người có liên quan của người nội bộ,https://cafef.vn/du-lieu/ABB-310775/abb-phe-duyet-ky-hop-dong-dich-vu-ho-tro-luu-ky-voi-nguoi-co-lien-quan-cua-nguoi-noi-bo.chn,cafef
2023-03-07,ABB: Nghị quyết HĐQT v/v tổ chức ĐHĐCĐ TN 2023,Nghị quyết Hội đồng quản trị,https://cafef.vn/du-lieu/ABB-310976/abb-nghi-quyet-hdqt-vv-to-chuc-dhdcd-tn-2023.chn,cafef
2023-02-02,ABB: Quyết định về việc xử phạt vi phạm hành chính về thuế qua kiểm tra việc chấp hành pháp luật thuế,Quyết định về việc xử phạt vi phạm hành chính về thuế qua kiểm tra việc chấp hành pháp luật thuế,https://cafef.vn/du-lieu/ABB-328856/abb-quyet-dinh-ve-viec-xu-phat-vi-pham-hanh-chinh-ve-thue-qua-kiem-tra-viec-chap-hanh-phap-luat-thue.chn,cafef
2023-01-31,ABB: Báo cáo quản trị công ty năm 2022,B&aacute;o c&aacute;o quản trị c&ocirc;ng ty năm 2022,https://cafef.vn/du-lieu/ABB-330377/abb-bao-cao-quan-tri-cong-ty-nam-2022.chn,cafef
2023-01-19,"ABBANK đạt 1.686 tỷ đồng lợi nhuận trước thuế trong năm 2022, tỷ lệ CASA tăng 6%","Theo báo cáo Kết quả Kinh doanh quý 4 vừa công bố, Ngân hàng TMCP An Bình (ABBANK) đạt lợi nhuận trước thuế 1.686 tỷ đồng trong cả năm 2022, triển khai công tác tái cơ cấu với việc thực thi nhiều dự án lớn nhằm đổi mới mô hình kinh doanh toàn hệ thống theo hướng chuyển đổi số.",https://cafef.vn/abbank-dat-1686-ty-dong-loi-nhuan-truoc-thue-trong-nam-2022-ty-le-casa-tang-6-202301192230577.chn,cafef
2023-01-06,ABB: Cấp tín dụng cho người có liên quan của Kế toán trưởng,Cấp tín dụng cho người có liên quan của Kế toán trưởng,https://cafef.vn/du-lieu/ABB-341831/abb-cap-tin-dung-cho-nguoi-co-lien-quan-cua-ke-toan-truong.chn,cafef
2022-12-26,ABB: Cấp tín dụng cho người có liên quan của Thành viên Hội đồng quản trị,Cấp tín dụng cho người có liên quan của Thành viên Hội đồng quản trị,https://cafef.vn/du-lieu/ABB-347111/abb-cap-tin-dung-cho-nguoi-co-lien-quan-cua-thanh-vien-hoi-dong-quan-tri.chn,cafef
2022-12-12,"ABB: 15.12.2022, ngày GDKHQ lấy ý kiến cổ đông bằng văn bản",Ngày đăng ký cuối cùng lấy ý kiến cổ đông bằng văn bản,https://cafef.vn/du-lieu/ABB-353114/abb-15122022-ngay-gdkhq-lay-y-kien-co-dong-bang-van-ban.chn,cafef
2022-12-07,"ABB: Nghị quyết HĐQT v/v chốt danh sách lấy ý kiến cổ đông thực hiện quyền đề cử TV HĐQT, TV BKS",Nghị quyết Hội đồng quản trị,https://cafef.vn/du-lieu/ABB-355151/abb-nghi-quyet-hdqt-vv-chot-danh-sach-lay-y-kien-co-dong-thuc-hien-quyen-de-cu-tv-hdqt-tv-bks.chn,cafef
2022-12-05,"ABB: Thông báo về ngày ĐKCC lấy ý kiến cổ đông thực hiện quyền đề cử thành viên HĐQT, thành viên BKS","Thông báo về ngày đăng ký cuối cùng lấy ý kiến cổ đông thực hiện quyền đề cử thành viên HĐQT, thành viên BKS",https://cafef.vn/du-lieu/ABB-356330/abb-thong-bao-ve-ngay-dkcc-lay-y-kien-co-dong-thuc-hien-quyen-de-cu-thanh-vien-hdqt-thanh-vien-bks.chn,cafef
2022-10-25,ABB: Ký hợp đồng tư vấn phát hành cổ phiếu trả cổ tức và Hợp đồng cung cấp dịch vụ tư vấn phát hành cổ phiếu theo chương trình lựa chọn cho người lao động giữa ABBANK và ABS,Ký hợp đồng tư vấn phát hành cổ phiếu trả cổ tức và Hợp đồng cung cấp dịch vụ tư vấn phát hành cổ phiếu theo chương trình lựa chọn cho người lao động giữa ABBANK và ABS,https://cafef.vn/du-lieu/ABB-375632/abb-ky-hop-dong-tu-van-phat-hanh-co-phieu-tra-co-tuc-va-hop-dong-cung-cap-dich-vu-tu-van-phat-hanh-co-phieu-theo-chuong-trinh-lua-chon-cho-nguoi-lao-dong-giua-abbank-va-abs.chn,cafef
2022-10-25,ABB: Phê duyệt giao dịch cấp tín dụng cho người có liên quan của HĐQT,Phê duyệt giao dịch cấp tín dụng cho người có liên quan của HĐQT,https://cafef.vn/du-lieu/ABB-375872/abb-phe-duyet-giao-dich-cap-tin-dung-cho-nguoi-co-lien-quan-cua-hdqt.chn,cafef
2022-10-24,ABB: Giải trình kết quả hoạt động theo Báo cáo tài chính hợp nhất quý 3/2022,Báo cáo tài chính quý 3/2022,https://cafef.vn/du-lieu/ABB-376250/abb-giai-trinh-ket-qua-hoat-dong-theo-bao-cao-tai-chinh-hop-nhat-quy-32022.chn,cafef
2022-10-24,ABB: Giải trình kết quả hoạt động theo Báo cáo tài chính quý 3/2022 (công ty mẹ),Báo cáo tài chính quý 3/2022 (công ty mẹ),https://cafef.vn/du-lieu/ABB-376253/abb-giai-trinh-ket-qua-hoat-dong-theo-bao-cao-tai-chinh-quy-32022-cong-ty-me.chn,cafef
2022-10-24,ABB: Ngân hàng nhà nước Việt Nam ý kiến vê việc tăng vốn điều lệ của ABBANK,Ngân hàng nhà nước Việt Nam ý kiến vê việc tăng vốn điều lệ của ABBANK,https://cafef.vn/du-lieu/ABB-376271/abb-ngan-hang-nha-nuoc-viet-nam-y-kien-ve-viec-tang-von-dieu-le-cua-abbank.chn,cafef
2022-10-03,ABB: Ký hợp đồng ủy quyền thực hiện dịch vụ thu hộ,1.ABB_2022.10.3_b646f31_1774_CV_TGD_22_Cong_bo_thong_tin_bat_thuong_Ky_Hop_dong_UQ_Dich_vu_thu_ho_voi_Cong_ty_con.pdf,https://cafef.vn/du-lieu/ABB-387077/abb-ky-hop-dong-uy-quyen-thuc-hien-dich-vu-thu-ho.chn,cafef
2022-09-26,ABB: Cấp tín dụng cho bên có liên quan của ABBANK,Cấp tín dụng cho bên có liên quan của ABBANK,https://cafef.vn/du-lieu/ABB-390269/abb-cap-tin-dung-cho-ben-co-lien-quan-cua-abbank.chn,cafef
2022-09-06,ABB: Cấp tín dụng cho người có liên quan đến Chủ tịch và Phó Chủ tịch HĐQT,1.ABB_2022.9.6_b6a6475_CBTT_Do_Huong_Giang_Vu_Van_Hau_0001.pdf,https://cafef.vn/du-lieu/ABB-398927/abb-cap-tin-dung-cho-nguoi-co-lien-quan-den-chu-tich-va-pho-chu-tich-hdqt.chn,cafef
2022-09-06,ABB: Cấp thẻ tín dụng cho bà Vũ Châu Tuệ Anh-người có liên quan đến Phó Chủ tịch HĐQT,1.ABB_2022.9.6_c083911_Cong_bo_thong_tin_the_td_Vu_Chau_Tue_Anh_0001.pdf,https://cafef.vn/du-lieu/ABB-398948/abb-cap-the-tin-dung-cho-ba-vu-chau-tue-anhnguoi-co-lien-quan-den-pho-chu-tich-hdqt.chn,cafef
2022-08-25,ABB: Giải trình liên quan đến báo cáo tài chính bán niên năm 2022,1.ABB_2022.8.25_613f5f2_CV_giai_trinh_ket_qua_ban_nien_da_duoc_soat_xet_nam_2022.pdf,https://cafef.vn/du-lieu/ABB-404618/abb-giai-trinh-lien-quan-den-bao-cao-tai-chinh-ban-nien-nam-2022.chn,cafef
2022-08-11,ABB: Cấp hạn mức thấu chi cho ông Nguyễn Quốc Huy,Cấp hạn mức thấu chi cho ông Nguyễn Quốc Huy,https://cafef.vn/du-lieu/ABB-411821/abb-cap-han-muc-thau-chi-cho-ong-nguyen-quoc-huy.chn,cafef
2022-08-01,ABB: Báo cáo quản trị công ty bán niên 2022,1.ABB_2022.8.1_3adc650_02BCHDQT.22_Bao_cao_tinh_hinh_quan_tri_6_thang_dau_nam_2022An_thong_tin.pdf,https://cafef.vn/du-lieu/ABB-417908/abb-bao-cao-quan-tri-cong-ty-ban-nien-2022.chn,cafef
2022-07-22,ABB: Giải trình kết quả hoạt động quý 2/2022,Báo cáo tài chính quý 2/2022,https://cafef.vn/du-lieu/ABB-425984/abb-giai-trinh-ket-qua-hoat-dong-quy-22022.chn,cafef
2022-07-07,ABB: Công bố thông tin ký hợp đồng hợp tác ABS triển khai phần mềm ABSBond,Công bố thông tin ký hợp đồng hợp tác ABS triển khai phần mềm ABSBond,https://cafef.vn/du-lieu/ABB-434633/abb-cong-bo-thong-tin-ky-hop-dong-hop-tac-abs-trien-khai-phan-mem-absbond.chn,cafef
2022-06-29,ABB: Phê duyệt giao dịch với bên liên quan về việc thuê sàn diện tích thương mại,Phê duyệt giao dịch với bên liên quan về việc thuê sàn diện tích thương mại,https://cafef.vn/du-lieu/ABB-439739/abb-phe-duyet-giao-dich-voi-ben-lien-quan-ve-viec-thue-san-dien-tich-thuong-mai.chn,cafef
2022-06-21,ABB: Ký hợp đồng kiểm toán Báo cáo tài chính năm 2022,Ký hợp đồng kiểm toán Báo cáo tài chính năm 2022,https://cafef.vn/du-lieu/ABB-444902/abb-ky-hop-dong-kiem-toan-bao-cao-tai-chinh-nam-2022.chn,cafef
2022-05-23,ABB: Điều chỉnh tỷ lệ room của mã chứng khoán ABB,Điều chỉnh tỷ lệ room của mã chứng khoán ABB,https://cafef.vn/du-lieu/ABB-460487/abb-dieu-chinh-ty-le-room-cua-ma-chung-khoan-abb.chn,cafef
2022-05-17,ABB: Thông báo tỷ lệ sở hữu nước ngoài tối đa,Thông báo tỷ lệ sở hữu nước ngoài tối đa,https://cafef.vn/du-lieu/ABB-463058/abb-thong-bao-ty-le-so-huu-nuoc-ngoai-toi-da.chn,cafef
2022-05-13,ABB: Nghị quyết HĐQT v/v phát hành trái phiếu riêng lẻ lần 1 năm 2022,Nghị quyết Hội đồng quản trị,https://cafef.vn/du-lieu/ABB-464711/abb-nghi-quyet-hdqt-vv-phat-hanh-trai-phieu-rieng-le-lan-1-nam-2022.chn,cafef
2022-05-13,ABB: CBTT bất thường ABS là tổ chức tư vấn phát hành và lưu ký trái phiếu,ABS là tổ chức tư vấn phát hành và lưu ký trái phiếu,https://cafef.vn/du-lieu/ABB-464717/abb-cbtt-bat-thuong-abs-la-to-chuc-tu-van-phat-hanh-va-luu-ky-trai-phieu.chn,cafef
2022-04-28,ABB: Nghị quyết Đại hội đồng cổ đông thường niên năm 2022,Nghị quyết Đại hội đồng cổ đông thường niên năm 2022,https://cafef.vn/du-lieu/ABB-476162/abb-nghi-quyet-dai-hoi-dong-co-dong-thuong-nien-nam-2022.chn,cafef
2022-04-25,ABB: Tài liệu họp Đại hội đồng cổ đông,Tài liệu họp Đại hội đồng cổ đông,https://cafef.vn/du-lieu/ABB-479639/abb-tai-lieu-hop-dai-hoi-dong-co-dong.chn,cafef
2022-04-20,"[Live] ĐHCĐ ABBank 2022: Dự kiến lãi gấp rưỡi năm 2021, chia cổ tức bằng cổ phiếu 10%","Tại ĐHCĐ thường niên năm 2022, ABBank dự kiến thông qua kế hoạch lợi nhuận tăng 56% so với năm trước. Ngân hàng cũng sẽ trình cổ đông phương án chia cổ tức bằng cổ phiếu theo tỷ lệ 10% và đưa cổ phiếu lên niêm yết trên HoSE.",https://cafef.vn/live-dhcd-abbank-2022-du-kien-lai-gap-ruoi-nam-2021-chia-co-tuc-bang-co-phieu-10-20220420091045619.chn,cafef
2022-04-18,ABB: Tài liệu họp Đại hội đồng cổ đông,Tài liệu họp Đại hội đồng cổ đông,https://cafef.vn/du-lieu/ABB-487136/abb-tai-lieu-hop-dai-hoi-dong-co-dong.chn,cafef
2022-04-14,ABB: Thông báo thay đổi Giấy phép thành lập và hoạt động,Thông báo thay đổi Giấy phép thành lập và hoạt động,https://cafef.vn/du-lieu/ABB-489134/abb-thong-bao-thay-doi-giay-phep-thanh-lap-va-hoat-dong.chn,cafef
2022-04-14,ABB: Tài liệu họp Đại hội đồng cổ đông,Tài liệu họp Đại hội đồng cổ đông,https://cafef.vn/du-lieu/ABB-489185/abb-tai-lieu-hop-dai-hoi-dong-co-dong.chn,cafef
2022-04-07,"ABB: Ngày 12/04/2022, giao dịch 243.947.229 cổ phiếu niêm yết bổ sung","Ngày 12/04/2022, ngày giao dịch đầu tiên của cổ phiếu ĐKGD bổ sung",https://cafef.vn/du-lieu/ABB-494363/abb-ngay-12042022-giao-dich-243947229-co-phieu-niem-yet-bo-sung.chn,cafef
2022-04-07,ABB: Tài liệu họp Đại hội đồng cổ đông,Tài liệu họp Đại hội đồng cổ đông,https://cafef.vn/du-lieu/ABB-494549/abb-tai-lieu-hop-dai-hoi-dong-co-dong.chn,cafef
2022-04-06,ABB: Giải trình kết quả kinh doanh năm 2021,Giải trình kết quả kinh doanh năm 2021,https://cafef.vn/du-lieu/ABB-495134/abb-giai-trinh-ket-qua-kinh-doanh-nam-2021.chn,cafef
2022-04-06,ABB: Giải trình kết quả kinh doanh năm 2021,Báo cáo tài chính năm 2021,https://cafef.vn/du-lieu/ABB-495137/abb-giai-trinh-ket-qua-kinh-doanh-nam-2021.chn,cafef
2022-04-01,ABB: Tài liệu họp Đại hội đồng cổ đông,Tài liệu họp Đại hội đồng cổ đông,https://cafef.vn/du-lieu/ABB-498875/abb-tai-lieu-hop-dai-hoi-dong-co-dong.chn,cafef
2022-02-09,ABB: Báo cáo quản trị công ty năm 2021,Báo cáo quản trị công ty năm 2021,https://cafef.vn/du-lieu/ABB-499835/abb-bao-cao-quan-tri-cong-ty-nam-2021.chn,cafef
2022-01-26,ABB: Nghị quyết HĐQT v/v phân phối số cổ phiếu còn lại chưa bán hết trong đợt phát hành ESOP,Nghị quyết Hội đồng quản trị,https://cafef.vn/du-lieu/ABB-506033/abb-nghi-quyet-hdqt-vv-phan-phoi-so-co-phieu-con-lai-chua-ban-het-trong-dot-phat-hanh-esop.chn,cafef
2022-01-26,ABB: Thay đổi giấy đăng ký kinh doanh,Thay đổi giấy đăng ký kinh doanh,https://cafef.vn/du-lieu/ABB-506036/abb-thay-doi-giay-dang-ky-kinh-doanh.chn,cafef
2022-01-26,ABB: Nghị quyết HĐQT v/v phân phối số cổ phiếu còn lại không chào bán hết trong đợt chào bán cho cổ đông hiện hữu,Nghị quyết Hội đồng quản trị,https://cafef.vn/du-lieu/ABB-506042/abb-nghi-quyet-hdqt-vv-phan-phoi-so-co-phieu-con-lai-khong-chao-ban-het-trong-dot-chao-ban-cho-co-dong-hien-huu.chn,cafef
2022-01-20,"ABBank báo lãi 1.979 tỷ đồng trong năm 2021, tỷ lệ nợ xấu 1,45%",Năng suất lao động bình quân của cán bộ nhân viên nhà băng này tăng tới hơn 40% và đạt cao nhất từ trước tới nay.,https://cafef.vn/abbank-bao-lai-1979-ty-dong-trong-nam-2021-ty-le-no-xau-145-20220120123458578.chn,cafef
2022-01-12,ABB: Thông báo phát hành cổ phiếu để tăng vốn cổ phần từ nguồn vốn chủ sở hữu,Phát hành cổ phiếu để tăng vốn cổ phần từ nguồn vốn chủ sở hữu,https://cafef.vn/du-lieu/ABB-516617/abb-thong-bao-phat-hanh-co-phieu-de-tang-von-co-phan-tu-nguon-von-chu-so-huu.chn,cafef
2022-01-04,ABB: Quyết định HĐQT v/v triển khai phương án phát hành cổ phiếu tăng vốn cổ phần,Quyết định Hội đồng quản trị,https://cafef.vn/du-lieu/ABB-521021/abb-quyet-dinh-hdqt-vv-trien-khai-phuong-an-phat-hanh-co-phieu-tang-von-co-phan.chn,cafef
2026-06-05,"ABB: Ngày 19/06/2026, ngày giao dịch đầu tiên đối với 362.171.923 cổ phiếu thay đổi đăng ký giao dịch","Ngày 19/06/2026, Thông báo ngày giao dịch đầu tiên đối với cổ phiếu thay đổi đăng ký giao dịch",https://cafef.vn/du-lieu/ABB-2902901/abb-ngay-19062026-ngay-giao-dich-dau-tien-doi-voi-362171923-co-phieu-thay-doi-dang-ky-giao-dich.chn,cafef
2026-06-01,ABB: Chấp thuận thay đổi đăng ký giao dịch 362.171.923 cp,Quyết định về việc chấp thuận thay đổi đăng ký giao dịch,https://cafef.vn/du-lieu/ABB-2899546/abb-chap-thuan-thay-doi-dang-ky-giao-dich-362171923-cp.chn,cafef
2026-03-11,ABB: Báo cáo kết quả đợt chào bán thêm cổ phiếu ra công chúng,Báo cáo kết quả đợt chào bán thêm cổ phiếu ra công chúng,https://cafef.vn/du-lieu/ABB-2416307/abb-bao-cao-ket-qua-dot-chao-ban-them-co-phieu-ra-cong-chung.chn,cafef
2023-05-15,"ABB: 30.5.2023, ngày GDKHQ trả cổ tức bằng cổ phiếu (tỷ lệ 10%)",Ngày đăng ký cuối cùng trả cổ tức bằng cổ phiếu cho cổ đông hiện hữu,https://cafef.vn/du-lieu/ABB-233768/abb-3052023-ngay-gdkhq-tra-co-tuc-bang-co-phieu-ty-le-10.chn,cafef
2022-10-03,ABB: Nghị quyết HĐQT sửa điểm g mục 2.1 tại phương án tăng VĐL năm 2022,1.ABB_2022.10.3_46decb5_11_NQ_HDQT_22_Sua_doi_bo_sung_PA_tang_muc_von_dieu_le_ABBANK.pdf,https://cafef.vn/du-lieu/ABB-386858/abb-nghi-quyet-hdqt-sua-diem-g-muc-21-tai-phuong-an-tang-vdl-nam-2022.chn,cafef
2022-09-22,ABB: Quyết định HĐQT về quy chế phát hành cổ phiếu ESOP,1.ABB_2022.9.22_358447e_198_QD_HDQT_22_Ban_hanh_quy_che_phat_hanh_co_phieu_theo_CT_lua_chon_danh_cho_nguoi_lao_dong_trong_Cty_2022_ABBANK_0001.pdf,https://cafef.vn/du-lieu/ABB-391502/abb-quyet-dinh-hdqt-ve-quy-che-phat-hanh-co-phieu-esop.chn,cafef
2022-02-07,"ABB: 10.2.2022, ngày GDKHQ trả cổ phiếu thưởng (tỷ lệ 35%)",Ngày đăng ký cuối cùng trả cổ phiếu thưởng cho cổ đông hiện hữu,https://cafef.vn/du-lieu/ABB-502124/abb-1022022-ngay-gdkhq-tra-co-phieu-thuong-ty-le-35.chn,cafef
