date,open,high,low,close,volume
2021-10-13,13.1,13.22,12.87,12.91,1070039
2021-10-14,12.94,13.22,12.91,13.1,1171181
2021-10-15,13.1,13.3,12.94,13.1,1061065
2021-10-18,13.18,13.49,13.02,13.26,1856450
2021-10-19,13.34,13.53,13.06,13.38,1494450
2021-10-20,13.38,13.49,12.98,13.22,1117637
2021-10-21,13.26,13.41,12.98,13.14,1218136
2021-10-22,13.14,13.18,12.91,12.98,1365616
2021-10-25,13.02,13.1,12.55,12.67,1518135
2021-10-26,12.67,13.06,12.36,12.91,863449
2021-10-27,12.94,13.41,12.83,13.38,2263811
2021-10-28,13.41,13.88,13.38,13.69,3222195
2021-10-29,13.69,13.81,13.38,13.65,1815604
2021-11-01,13.65,14.47,13.65,14.31,4873159
2021-11-02,14.39,15.06,14.35,14.94,3926823
2021-11-03,15.1,15.25,14.2,14.51,3803901
2021-11-04,14.55,15.72,14.47,15.37,4323515
2021-11-05,15.33,15.64,15.17,15.37,2808902
2021-11-08,15.33,15.76,15.25,15.64,3361344
2021-11-09,15.64,15.76,15.33,15.72,2753245
2021-11-10,15.72,16.19,15.6,15.72,1807225
2021-11-11,15.72,16.0,14.9,15.41,3652596
2021-11-12,15.41,15.84,15.29,15.8,2128083
2021-11-15,15.8,17.09,15.8,16.43,2835645
2021-11-16,16.5,16.97,15.96,16.62,1997862
2021-11-17,16.62,17.21,16.43,16.7,2475015
2021-11-18,16.7,17.99,16.7,17.6,3038666
2021-11-19,17.64,17.79,15.84,16.62,4072179
2021-11-22,16.62,17.09,16.07,16.39,2679627
2021-11-23,16.23,17.21,15.64,17.13,1965859
2021-11-24,17.4,17.87,17.17,17.48,2095286
2021-11-25,17.52,18.19,17.21,17.91,2396855
2021-11-26,17.87,18.07,17.17,17.21,2282020
2021-11-29,16.58,17.6,16.03,17.4,1709178
2021-11-30,17.83,17.83,16.97,16.97,2608770
2021-12-01,16.97,17.05,16.27,16.58,2098610
2021-12-02,16.66,17.01,16.35,16.43,1436359
2021-12-03,16.43,16.62,15.06,15.06,3244949
2021-12-06,15.06,15.41,13.84,14.43,3198168
2021-12-07,14.86,15.06,14.31,14.86,1815609
2021-12-08,15.06,15.17,14.82,14.98,1346752
2021-12-09,14.98,15.41,14.82,15.37,1557558
2021-12-10,15.41,15.76,15.29,15.49,1555170
2021-12-13,15.49,15.96,15.41,15.88,1373470
2021-12-14,15.88,16.15,15.64,15.8,1301411
2021-12-15,15.8,15.84,15.45,15.45,1258056
2021-12-16,15.45,15.6,15.06,15.1,1612094
2021-12-17,15.02,15.64,15.02,15.64,1598060
2021-12-20,15.64,16.15,15.64,15.88,1702095
2021-12-21,15.88,15.92,15.45,15.49,1219908
2021-12-22,15.53,15.6,15.13,15.13,1560000
2021-12-23,15.06,15.17,14.08,14.47,2473740
2021-12-24,14.47,14.9,14.47,14.7,914305
2021-12-27,14.7,15.1,14.67,14.98,715288
2021-12-28,14.98,15.02,14.67,14.74,1222092
2021-12-29,14.74,15.06,14.63,14.86,934090
2021-12-30,14.82,16.11,14.82,16.03,2448459
2021-12-31,16.03,16.43,15.76,15.8,1147976
2022-01-04,15.8,16.03,15.64,15.96,1193212
2022-01-05,16.0,16.5,15.96,16.03,2659819
2022-01-06,16.07,16.11,15.72,15.72,1231987
2022-01-07,15.76,16.0,15.41,15.72,1563773
2022-01-10,15.72,16.03,15.02,15.02,2573212
2022-01-11,15.02,15.17,14.39,14.63,1604818
2022-01-12,14.59,15.13,14.35,15.06,1723928
2022-01-13,15.06,15.57,14.78,14.78,992356
2022-01-14,14.78,14.94,14.47,14.51,833729
2022-01-17,14.51,14.67,13.06,13.06,3581532
2022-01-18,13.06,13.1,11.85,12.4,1381719
2022-01-19,12.4,13.14,12.4,13.06,722082
2022-01-20,13.06,13.41,12.87,13.34,794302
2022-01-21,13.34,13.38,13.02,13.02,794284
2022-01-24,12.94,13.02,11.77,11.85,1336266
2022-01-25,11.89,12.2,11.15,12.05,859246
2022-01-26,12.12,12.44,12.05,12.16,667484
2022-01-27,12.16,12.63,11.89,12.4,549824
2022-01-28,12.4,12.87,12.4,12.83,533079
2022-02-07,12.83,13.61,12.79,13.22,708520
2022-02-08,13.18,13.45,12.98,13.26,621541
2022-02-09,13.26,13.57,13.26,13.38,683522
2022-02-10,13.49,13.49,13.18,13.3,552262
2022-02-11,13.3,13.41,13.14,13.26,708735
2022-02-14,13.18,13.18,12.83,12.83,973318
2022-02-15,12.83,12.98,12.71,12.94,500636
2022-02-16,12.94,13.26,12.94,13.18,554132
2022-02-17,13.18,13.34,12.94,13.3,779717
2022-02-18,13.38,13.88,13.02,13.81,1516352
2022-02-21,14.0,14.43,13.77,14.43,1770809
2022-02-22,14.43,14.43,13.92,14.35,1801114
2022-02-23,14.35,14.59,14.27,14.35,921520
2022-02-24,14.35,14.67,13.69,14.24,2090144
2022-02-25,14.2,14.82,14.2,14.63,1779605
2022-02-28,14.63,14.82,14.55,14.67,868103
2022-03-01,14.67,14.78,14.55,14.74,969861
2022-03-02,14.74,14.74,14.24,14.59,1453056
2022-03-03,14.59,14.74,14.47,14.67,971275
2022-03-04,14.82,15.25,14.67,15.06,1898177
2022-03-07,15.06,15.1,14.74,14.82,1058571
2022-03-08,14.82,15.17,14.47,14.7,1637638
2022-03-09,14.7,14.86,14.2,14.31,1521446
2022-03-10,14.47,14.86,14.43,14.51,540497
2022-03-11,14.55,14.59,13.96,14.0,1292080
2022-03-14,14.0,14.0,13.1,13.49,1688280
2022-03-15,13.41,13.84,13.38,13.57,485424
2022-03-16,13.61,13.84,13.61,13.77,433624
2022-03-17,14.0,14.04,13.77,13.88,411367
2022-03-18,13.92,13.96,13.77,13.81,390107
2022-03-21,13.88,14.04,13.77,14.04,563959
2022-03-22,14.08,14.27,14.04,14.2,621612
2022-03-23,14.31,14.35,14.16,14.24,567679
2022-03-24,14.24,14.24,13.96,13.96,693056
2022-03-25,13.96,14.04,13.81,13.81,509398
2022-03-28,13.61,13.81,13.22,13.34,962036
2022-03-29,13.88,13.88,13.34,13.53,514079
2022-03-30,13.3,13.73,13.26,13.34,705861
2022-03-31,13.34,13.65,13.26,13.26,543614
2022-04-01,13.26,13.69,13.14,13.69,653082
2022-04-04,13.77,14.78,13.77,14.67,2050658
2022-04-05,14.67,14.94,14.39,14.43,1290517
2022-04-06,14.47,14.86,14.24,14.63,1135345
2022-04-07,14.63,14.98,14.51,14.51,2108782
2022-04-08,14.51,14.86,14.27,14.27,1083549
2022-04-12,14.27,14.39,13.49,13.49,877852
2022-04-13,13.65,14.08,13.14,14.08,923796
2022-04-14,14.12,14.31,13.73,13.92,374082
2022-04-15,14.0,14.0,13.3,13.41,758353
2022-04-18,13.41,13.41,12.08,12.44,2045970
2022-04-19,11.93,12.71,11.65,11.81,1048327
2022-04-20,11.93,12.2,11.42,11.77,795238
2022-04-21,11.77,12.67,10.6,12.32,775209
2022-04-22,12.32,12.63,11.89,12.4,629380
2022-04-25,12.44,12.51,11.18,11.18,960728
2022-04-26,11.11,11.89,10.17,11.81,684580
2022-04-27,11.89,12.05,10.75,12.01,366804
2022-04-28,12.01,12.2,11.85,11.93,389927
2022-04-29,11.93,12.12,11.65,11.85,615194
2022-05-04,11.85,11.93,11.42,11.5,389122
2022-05-05,11.5,11.85,11.18,11.85,487692
2022-05-06,11.73,11.73,10.79,10.79,459752
2022-05-09,10.79,10.79,9.74,9.74,819314
2022-05-10,8.88,9.93,8.8,9.7,694563
2022-05-11,9.97,9.97,9.62,9.7,191731
2022-05-12,9.7,9.7,8.76,8.76,859117
2022-05-13,7.9,8.68,7.9,7.9,1627230
2022-05-16,7.12,8.6,7.12,8.1,628746
2022-05-17,7.31,8.88,7.31,8.88,751548
2022-05-18,8.99,9.46,8.8,8.84,893595
2022-05-19,8.8,9.19,8.25,9.03,819778
2022-05-20,9.03,9.43,8.8,8.99,620176
2022-05-23,8.99,9.07,8.21,8.37,653424
2022-05-24,8.37,8.76,8.1,8.76,553837
2022-05-25,8.8,9.39,8.64,9.27,745463
2022-05-26,9.27,9.66,9.27,9.39,595738
2022-05-27,9.39,9.58,9.15,9.31,577703
2022-05-30,9.31,9.54,9.31,9.35,609728
2022-05-31,9.35,9.43,8.8,9.19,491618
2022-06-01,9.15,9.31,8.96,9.15,467100
2022-06-02,9.19,9.39,8.88,8.88,726273
2022-06-03,8.88,9.11,8.68,8.68,582793
2022-06-06,8.72,9.19,8.68,8.8,528474
2022-06-07,8.8,8.84,8.25,8.72,534305
2022-06-08,8.8,9.19,8.76,8.96,764570
2022-06-09,8.99,9.35,8.99,9.23,717457
2022-06-10,9.19,9.35,8.92,8.96,698733
2022-06-13,8.21,8.72,8.1,8.1,951764
2022-06-14,8.06,8.21,7.74,7.98,515439
2022-06-15,7.98,8.02,7.2,7.27,1079637
2022-06-16,7.27,7.63,6.88,7.04,666488
2022-06-17,7.04,7.04,6.34,6.34,1399045
2022-06-20,5.71,6.53,5.71,5.71,945417
2022-06-21,5.32,6.22,5.16,6.06,2382976
2022-06-22,5.48,6.65,5.48,6.57,1035951
2022-06-23,6.53,6.65,6.06,6.57,673028
2022-06-24,6.49,6.73,6.41,6.49,1163721
2022-06-27,6.61,7.0,6.49,7.0,1094743
2022-06-28,7.0,7.08,6.84,6.84,1017517
2022-06-29,6.88,7.12,6.77,6.88,1098399
2022-06-30,6.88,7.27,6.49,6.49,1509306
2022-07-01,6.49,7.12,6.3,6.92,1215472
2022-07-04,6.92,7.39,6.92,7.27,1444533
2022-07-05,7.27,7.35,7.04,7.12,1146303
2022-07-06,7.04,7.12,6.65,6.73,1044898
2022-07-07,6.69,6.88,6.57,6.8,722551
2022-07-08,6.8,7.27,6.8,7.2,1148534
2022-07-11,7.2,7.35,6.84,7.0,1069313
2022-07-12,7.0,7.2,6.92,7.2,746803
2022-07-13,7.2,7.35,7.04,7.12,856378
2022-07-14,7.04,7.82,7.0,7.82,2398000
2022-07-15,7.82,8.02,7.59,7.59,1200768
2022-07-18,7.63,7.82,7.55,7.59,1273568
2022-07-19,7.59,7.94,7.43,7.86,2341757
2022-07-20,7.9,8.53,7.9,8.33,2241574
2022-07-21,8.41,8.41,8.1,8.13,1059004
2022-07-22,8.21,8.33,7.94,7.94,1617275
2022-07-25,7.94,8.37,7.78,8.21,1557962
2022-07-26,8.21,8.37,8.06,8.13,848484
2022-07-27,8.13,8.49,7.98,8.41,1872227
2022-07-28,8.56,9.23,8.45,8.68,1914562
2022-07-29,8.72,8.96,8.6,8.72,1525734
2022-08-01,8.68,9.39,8.68,9.27,2379522
2022-08-02,9.27,9.35,8.99,9.11,1920330
2022-08-03,8.99,9.39,8.92,9.35,2100550
2022-08-04,9.35,9.5,9.11,9.23,1930553
2022-08-05,9.19,9.78,9.15,9.78,3165666
2022-08-08,9.74,9.97,9.74,9.82,2466170
2022-08-09,9.89,9.93,9.66,9.82,1963424
2022-08-10,9.82,9.86,9.66,9.66,2390619
2022-08-11,9.7,9.89,9.43,9.54,3825817
2022-08-12,9.89,10.45,9.69,10.45,2323349
2022-08-15,10.45,10.81,10.35,10.4,1602573
2022-08-16,10.4,10.45,10.2,10.3,1248024
2022-08-17,10.2,10.4,10.09,10.14,2004122
2022-08-18,10.14,10.45,9.99,10.35,1930915
2022-08-19,10.25,10.5,10.09,10.2,1554129
2022-08-22,10.2,10.3,9.89,9.94,1735111
2022-08-23,9.99,10.5,9.58,10.5,3747774
2022-08-24,9.48,10.6,9.48,10.4,1795351
2022-08-25,10.4,10.6,10.35,10.4,1856381
2022-08-26,10.4,10.45,9.99,10.09,2192530
2022-08-29,10.04,10.04,9.43,9.94,2889208
2022-08-30,9.99,10.25,9.84,9.84,1320426
2022-08-31,9.84,9.99,9.63,9.89,969981
2022-09-05,9.89,10.04,9.69,9.79,855475
2022-09-06,9.84,9.99,9.79,9.84,1297462
2022-09-07,9.79,9.94,9.43,9.43,1718720
2022-09-08,8.51,9.63,8.51,9.07,1688572
2022-09-09,8.21,9.43,8.21,9.18,1464272
2022-09-12,9.33,9.43,9.07,9.07,621902
2022-09-13,9.18,9.18,8.97,9.12,702226
2022-09-14,8.97,9.38,8.67,9.33,1645348
2022-09-15,9.38,9.48,9.18,9.28,685827
2022-09-16,9.28,9.28,8.77,8.77,893384
2022-09-19,8.77,8.82,8.05,8.16,1711174
2022-09-20,8.16,8.72,8.11,8.67,1435759
2022-09-21,8.67,8.72,8.41,8.61,608220
2022-09-22,7.8,9.07,7.8,9.02,1386323
2022-09-23,9.07,9.07,8.67,8.77,925959
2022-09-26,8.51,8.67,8.0,8.36,1639628
2022-09-27,8.21,8.61,8.21,8.51,739609
2022-09-28,8.41,8.92,8.36,8.67,2174853
2022-09-29,8.82,9.02,8.56,8.56,1441489
2022-09-30,8.41,8.92,8.11,8.92,2740474
2022-10-03,8.92,8.92,8.05,8.05,1678862
2022-10-04,8.21,8.46,8.05,8.05,1800629
2022-10-05,8.11,8.77,8.11,8.61,1424447
2022-10-06,8.61,8.72,8.11,8.16,1612741
2022-10-07,8.41,8.41,7.39,7.7,2565897
2022-10-10,7.75,8.26,7.14,8.16,1222569
2022-10-11,7.34,8.26,7.34,7.34,1563898
2022-10-12,6.63,7.9,6.63,7.6,1181595
2022-10-13,7.65,7.7,7.34,7.44,1060659
2022-10-14,7.49,8.0,7.49,7.65,1718381
2022-10-17,7.65,7.65,7.39,7.6,688984
2022-10-18,7.8,7.9,7.54,7.54,958996
2022-10-19,7.6,7.75,7.54,7.7,773954
2022-10-20,7.65,7.7,7.54,7.54,452251
2022-10-21,7.54,7.54,6.83,6.83,2221007
2022-10-24,6.88,7.03,6.17,6.17,2025717
2022-10-25,6.17,6.63,5.66,6.17,1475427
2022-10-26,5.56,6.37,5.56,5.96,627559
2022-10-27,5.4,6.52,5.4,6.52,1475877
2022-10-28,6.63,6.88,6.52,6.58,1065658
2022-10-31,6.63,6.88,6.32,6.78,1207491
2022-11-01,6.88,7.19,6.88,6.93,1022594
2022-11-02,6.27,7.03,6.27,6.83,720620
2022-11-03,6.73,6.93,6.58,6.73,895183
2022-11-04,6.07,6.73,6.07,6.32,1055181
2022-11-07,5.71,6.42,5.71,5.71,1507991
2022-11-08,5.66,6.02,5.3,6.02,756875
2022-11-09,5.45,6.27,5.45,6.02,597508
2022-11-10,5.51,5.91,5.45,5.45,1600433
2022-11-11,5.05,5.86,4.94,5.3,1173630
2022-11-14,4.79,5.45,4.79,5.1,1882875
2022-11-15,4.64,5.1,4.59,4.59,1734802
2022-11-16,4.13,5.05,4.13,5.05,2297986
2022-11-17,5.1,5.45,5.1,5.4,1153018
2022-11-18,4.89,5.91,4.89,5.71,2094810
2022-11-21,5.15,5.86,5.15,5.81,1011887
2022-11-22,5.56,6.37,5.4,5.91,1878469
2022-11-23,5.91,6.02,5.56,5.56,890562
2022-11-24,5.56,5.81,5.35,5.71,1255676
2022-11-25,5.56,6.27,5.56,6.27,1682278
2022-11-28,6.47,6.88,6.42,6.88,2365884
2022-11-29,6.78,7.24,6.52,7.03,4142748
2022-11-30,6.37,7.24,6.37,7.09,2790411
2022-12-01,7.14,7.34,6.73,6.78,4325145
2022-12-02,6.78,7.44,6.52,7.44,4640128
2022-12-05,7.6,7.85,7.44,7.75,3933115
2022-12-06,6.98,8.16,6.98,6.98,4982801
2022-12-07,6.63,7.14,6.58,6.63,4294738
2022-12-08,6.27,7.29,6.22,7.29,3679730
2022-12-09,7.44,7.49,6.98,7.14,2645962
2022-12-12,7.14,7.49,6.63,6.63,3420228
2022-12-13,5.96,7.24,5.96,7.24,3160352
2022-12-14,7.29,7.54,7.09,7.14,2843222
2022-12-15,7.09,7.29,6.63,7.19,1766029
2022-12-16,6.68,7.34,6.68,7.14,2658891
2022-12-19,7.09,7.54,7.03,7.03,4265348
2022-12-20,6.83,7.14,6.68,6.83,3412111
2022-12-21,6.17,7.09,6.17,6.63,3237144
2022-12-22,5.96,6.88,5.96,6.73,1185312
2022-12-23,6.73,6.73,6.42,6.52,1178500
2022-12-26,6.12,6.52,5.91,5.96,2310881
2022-12-27,5.4,6.52,5.4,6.52,1473876
2022-12-28,6.58,6.68,6.37,6.52,1376386
2022-12-29,6.52,6.58,6.17,6.27,890725
2022-12-30,6.27,6.47,6.27,6.27,1249628
2023-01-03,5.86,6.88,5.86,6.88,3080340
2023-01-04,6.52,7.09,6.47,6.78,1884177
2023-01-05,6.58,6.93,6.42,6.83,1674905
2023-01-06,6.22,7.29,6.22,6.98,4345165
2023-01-09,7.14,7.24,6.93,6.93,1425350
2023-01-10,6.73,7.19,6.37,7.09,2073992
2023-01-11,6.83,7.44,6.83,7.24,2870390
2023-01-12,7.29,7.34,7.09,7.24,1618383
2023-01-13,7.29,7.54,7.14,7.19,2735440
2023-01-16,7.19,7.44,7.14,7.29,1767304
2023-01-17,7.39,7.7,7.39,7.7,2547198
2023-01-18,7.75,7.75,7.54,7.65,2207075
2023-01-19,7.6,7.9,7.49,7.8,2752650
2023-01-27,7.8,8.16,7.65,7.65,1883403
2023-01-30,7.7,7.85,7.34,7.6,2978195
2023-01-31,7.6,7.75,7.39,7.75,2477797
2023-02-01,7.8,7.9,7.09,7.14,4169156
2023-02-02,7.19,7.29,7.09,7.19,2465402
2023-02-03,7.29,7.34,7.14,7.19,1202091
2023-02-06,7.34,7.34,7.03,7.19,1381825
2023-02-07,7.19,7.34,6.88,6.93,3017095
2023-02-08,6.93,7.19,6.88,7.14,1843170
2023-02-09,7.14,7.19,6.98,6.98,720208
2023-02-10,6.98,7.03,6.83,6.83,1283452
2023-02-13,6.83,6.88,6.37,6.52,2801377
2023-02-14,6.58,6.73,6.52,6.58,654380
2023-02-15,6.58,6.93,6.58,6.83,1162694
2023-02-16,6.88,7.03,6.88,7.03,1283660
2023-02-17,7.03,7.09,6.88,6.93,969573
2023-02-20,6.98,7.54,6.93,7.54,3156738
2023-02-21,7.54,7.6,7.39,7.44,2291056
2023-02-22,7.34,7.39,7.03,7.03,3730029
2023-02-23,7.03,7.09,6.78,7.09,1979316
2023-02-24,7.09,7.14,6.88,6.88,1360276
2023-02-27,6.88,6.88,6.52,6.52,2227623
2023-02-28,6.52,6.73,6.52,6.58,1031230
2023-03-01,6.58,6.88,6.52,6.88,1218097
2023-03-02,6.88,6.93,6.78,6.83,812264
2023-03-03,6.88,6.98,6.63,6.63,1345095
2023-03-06,6.63,6.93,6.63,6.68,1251506
2023-03-07,6.63,6.93,6.63,6.88,1704830
2023-03-08,6.78,7.09,6.73,7.09,2204016
2023-03-09,7.09,7.14,6.98,7.09,1493297
2023-03-10,7.09,7.09,6.83,6.88,2307427
2023-03-13,6.83,6.93,6.78,6.93,1604750
2023-03-14,6.27,6.93,6.27,6.63,1858373
2023-03-15,6.78,7.24,6.78,7.24,3745063
2023-03-16,7.14,7.24,6.98,6.98,2050341
2023-03-17,6.98,7.19,6.98,6.98,1590238
2023-03-20,6.98,7.03,6.73,6.78,1817792
2023-03-21,6.78,6.98,6.73,6.93,1496116
2023-03-22,6.93,7.14,6.93,6.98,1675468
2023-03-23,6.93,7.19,6.88,7.14,2364748
2023-03-24,7.19,7.44,7.19,7.29,3893967
2023-03-27,7.44,7.54,7.29,7.39,3111367
2023-03-28,7.49,7.6,7.34,7.34,2701405
2023-03-29,7.34,7.49,7.29,7.44,2584648
2023-03-30,7.49,7.9,7.44,7.54,4900278
2023-03-31,7.54,8.05,7.49,8.05,7824288
2023-04-03,8.21,8.51,8.16,8.41,4037044
2023-04-04,8.41,8.67,8.26,8.61,4467283
2023-04-05,8.56,8.67,8.41,8.56,4291197
2023-04-06,8.56,8.77,8.11,8.16,6002730
2023-04-07,8.16,8.72,8.16,8.61,6049792
2023-04-10,8.67,8.92,8.31,8.51,4639759
2023-04-11,8.51,8.82,8.36,8.77,4428933
2023-04-12,8.77,8.87,8.46,8.51,2226439
2023-04-13,8.61,8.61,8.31,8.31,3122975
2023-04-14,8.41,8.51,8.05,8.16,5115302
2023-04-17,8.21,8.26,8.05,8.26,1583366
2023-04-18,8.26,8.61,8.16,8.56,3940937
2023-04-19,8.56,8.82,8.36,8.36,5010541
2023-04-20,8.31,8.51,8.31,8.51,1570257
2023-04-21,8.51,9.12,8.51,8.97,7986890
2023-04-24,8.92,9.12,8.82,8.87,3962393
2023-04-25,8.87,8.92,8.16,8.31,6245795
2023-04-26,8.31,8.56,8.16,8.51,1782136
2023-04-27,8.56,8.56,8.36,8.46,1952388
2023-04-28,7.65,8.67,7.65,8.56,2822731
2023-05-04,8.61,8.87,8.46,8.77,3846237
2023-05-05,8.77,9.07,8.72,8.92,4061100
2023-05-08,9.02,9.18,8.87,8.97,2806076
2023-05-09,8.87,9.07,8.77,8.97,2177098
2023-05-10,8.97,9.23,8.92,8.92,3624050
2023-05-11,8.87,9.02,8.77,8.82,3465280
2023-05-12,8.82,9.02,8.72,9.02,3770002
2023-05-15,9.02,9.33,8.87,8.87,3349365
2023-05-16,8.87,8.97,8.77,8.87,2041832
2023-05-17,8.87,8.92,8.46,8.56,5075953
2023-05-18,8.61,8.92,8.56,8.72,2921780
2023-05-19,8.77,8.92,8.61,8.72,1995093
2023-05-22,8.77,8.92,8.72,8.87,2095279
2023-05-23,8.87,9.07,8.87,8.92,4857929
2023-05-24,9.12,9.12,8.97,8.97,3534715
2023-05-25,8.97,9.02,8.77,8.87,2553361
2023-05-26,8.87,8.97,8.82,8.92,2016475
2023-05-29,8.97,9.38,8.97,9.38,5734647
2023-05-30,9.43,9.53,9.23,9.43,3681849
2023-05-31,9.43,9.48,9.23,9.33,3357313
2023-06-01,9.33,9.48,9.18,9.38,3179195
2023-06-02,9.48,9.58,9.38,9.43,2937570
2023-06-05,9.43,9.63,9.23,9.28,3361306
2023-06-06,9.28,9.58,9.12,9.58,6655106
2023-06-07,9.63,9.69,9.43,9.53,3118170
2023-06-08,9.53,9.58,9.18,9.18,4012165
2023-06-09,9.18,9.33,9.02,9.33,3316507
2023-06-12,9.38,9.48,9.18,9.38,2581675
2023-06-13,9.38,9.53,9.28,9.43,3444674
2023-06-14,9.43,9.79,9.43,9.48,7245422
2023-06-15,9.48,9.58,9.43,9.53,2062220
2023-06-16,9.53,10.09,9.53,9.63,6085076
2023-06-19,9.63,9.74,9.53,9.63,2425797
2023-06-20,9.63,9.84,9.58,9.79,1823318
2023-06-21,9.94,10.09,9.79,9.89,2807122
2023-06-22,9.89,9.99,9.79,9.84,2705067
2023-06-23,9.89,9.99,9.79,9.94,3204121
2023-06-26,9.94,9.94,9.23,9.84,3826350
2023-06-27,9.84,9.89,9.69,9.74,2166298
2023-06-28,9.84,9.94,9.69,9.74,1885471
2023-06-29,9.74,9.79,9.38,9.38,3278725
2023-06-30,9.38,9.53,9.38,9.43,1951366
2023-07-03,9.48,9.53,9.38,9.38,1493914
2023-07-04,9.43,9.69,9.38,9.63,2099570
2023-07-05,9.74,10.4,9.63,9.89,7483066
2023-07-06,9.94,10.2,9.79,10.04,4957105
2023-07-07,10.04,10.2,9.74,10.09,2825974
2023-07-10,10.14,10.6,10.09,10.5,4398366
2023-07-11,10.4,10.6,10.35,10.35,3070148
2023-07-12,10.4,10.6,10.14,10.3,4866260
2023-07-13,10.35,10.45,10.14,10.4,2723637
2023-07-14,10.45,10.5,10.2,10.4,3511765
2023-07-17,10.4,10.5,10.3,10.4,3794424
2023-07-18,10.4,10.45,10.25,10.3,1885633
2023-07-19,10.3,10.35,10.14,10.14,3745049
2023-07-20,10.14,10.2,9.94,10.04,3320004
2023-07-21,10.09,10.35,10.04,10.35,2517849
2023-07-24,10.35,10.5,10.2,10.3,4105855
2023-07-25,10.4,10.45,10.25,10.3,3098877
2023-07-26,10.25,10.35,10.2,10.35,2046205
2023-07-27,10.3,10.6,10.3,10.5,5011115
2023-07-28,10.5,10.81,10.45,10.76,5181153
2023-07-31,10.76,10.96,10.65,10.81,2646568
2023-08-01,10.81,10.86,10.45,10.45,3719279
2023-08-02,10.45,10.65,10.4,10.6,2534615
2023-08-03,10.6,10.65,10.35,10.35,2757704
2023-08-04,10.35,10.6,10.35,10.55,2342197
2023-08-07,10.6,10.96,10.6,10.81,3764607
2023-08-08,10.86,11.01,10.76,10.81,4055539
2023-08-09,10.86,10.91,10.55,10.6,4885082
2023-08-10,10.55,11.08,10.55,10.61,2882058
2023-08-11,10.55,10.73,10.38,10.73,2008240
2023-08-14,10.79,11.49,10.73,11.2,4521768
2023-08-15,11.2,11.31,11.02,11.08,1904269
2023-08-16,11.08,11.14,10.9,11.08,2009128
2023-08-17,11.08,11.43,11.08,11.14,4351124
2023-08-18,11.14,11.2,10.02,10.02,5993379
2023-08-21,9.67,10.43,9.67,10.2,3433418
2023-08-22,10.2,10.79,9.67,10.61,4135476
2023-08-23,10.61,10.9,10.49,10.55,1702525
2023-08-24,10.61,10.84,10.43,10.84,2913447
2023-08-25,10.84,11.08,10.73,10.9,3465352
2023-08-28,10.9,11.08,10.84,11.02,2857398
2023-08-29,11.14,11.25,10.96,11.2,3265132
2023-08-30,11.25,11.84,11.08,11.78,6872831
2023-08-31,11.78,12.08,11.78,11.96,3497716
2023-09-05,11.96,12.19,11.84,11.96,3655522
2023-09-06,11.96,12.66,11.78,12.37,3971793
2023-09-07,12.37,12.49,12.13,12.25,3223235
2023-09-08,12.31,12.43,12.13,12.31,2446191
2023-09-11,12.37,12.66,12.19,12.31,4294387
2023-09-12,12.25,13.54,12.19,13.54,6027611
2023-09-13,13.54,13.95,13.13,13.48,4981329
2023-09-14,13.48,14.24,13.37,13.83,6078282
2023-09-15,13.89,14.01,13.31,13.72,3516105
2023-09-18,13.72,13.95,13.42,13.78,3437709
2023-09-19,13.66,14.13,13.48,14.13,3285091
2023-09-20,14.13,14.65,14.13,14.36,3214644
2023-09-21,14.36,14.42,13.66,13.72,5104294
2023-09-22,13.48,13.48,12.43,12.78,7576014
2023-09-25,12.78,13.07,11.55,11.55,5784735
2023-09-26,11.55,12.66,11.25,12.13,6428795
2023-09-27,12.13,13.31,12.13,13.31,6300416
2023-09-28,12.9,13.72,12.9,13.42,6031558
2023-09-29,13.72,13.72,13.01,13.37,4889894
2023-10-02,13.37,13.42,12.84,12.9,5082083
2023-10-03,12.84,12.9,11.72,12.08,8092560
2023-10-04,12.08,13.19,11.55,12.72,4850804
2023-10-05,12.84,12.9,12.08,12.25,4405729
2023-10-06,12.13,12.95,12.08,12.9,4199974
2023-10-09,12.9,13.25,12.72,13.13,4523193
2023-10-10,13.19,13.89,13.13,13.19,7409665
2023-10-11,13.25,13.78,12.95,13.78,5722030
2023-10-12,13.78,13.95,13.37,13.6,5409745
2023-10-13,13.6,13.72,13.13,13.42,5751636
2023-10-16,13.37,13.6,12.9,12.9,4627301
2023-10-17,12.9,13.19,11.96,11.96,5037530
2023-10-18,11.96,12.49,11.2,12.19,8511228
2023-10-19,12.25,12.31,11.61,11.61,3922089
2023-10-20,11.61,12.19,10.96,12.13,6719577
2023-10-23,12.13,12.19,11.61,11.84,2376859
2023-10-24,11.9,12.13,11.67,11.96,2343242
2023-10-25,12.02,12.19,11.61,11.67,3347971
2023-10-26,11.55,11.67,10.55,10.61,8993754
2023-10-27,10.55,10.96,9.73,10.84,3353010
2023-10-30,10.9,10.9,10.08,10.08,2458443
2023-10-31,9.97,10.32,9.26,9.38,5560070
2023-11-01,9.32,10.2,8.44,10.14,4455664
2023-11-02,10.26,11.02,10.26,10.9,5499914
2023-11-03,11.08,11.14,10.61,10.79,3483544
2023-11-06,10.96,11.08,10.79,10.96,3245406
2023-11-07,10.96,11.25,10.73,10.96,4015935
2023-11-08,10.96,12.02,10.79,12.02,6928466
2023-11-09,12.08,12.6,11.96,11.96,7057145
2023-11-10,11.96,12.43,11.78,11.96,5809436
2023-11-13,11.96,12.25,11.67,12.08,3760251
2023-11-14,12.13,12.49,12.02,12.25,3712027
2023-11-15,12.31,13.01,12.25,12.37,5616780
2023-11-16,12.37,12.6,12.19,12.6,3062734
2023-11-17,12.66,12.78,12.02,12.08,7175900
2023-11-20,12.02,12.72,11.67,12.54,5993434
2023-11-21,12.6,12.78,12.49,12.66,4046166
2023-11-22,12.72,12.9,12.6,12.9,5870923
2023-11-23,12.9,13.07,11.67,11.67,4880255
2023-11-24,11.72,12.6,11.67,12.6,7079785
2023-11-27,12.6,12.66,12.19,12.25,2899603
2023-11-28,12.25,12.6,11.9,12.54,4693460
2023-11-29,12.6,12.84,12.49,12.66,4615702
2023-11-30,12.49,12.84,12.49,12.54,4275628
2023-12-01,12.6,12.84,12.43,12.72,3971295
2023-12-04,12.78,13.78,12.72,13.48,8254142
2023-12-05,13.54,13.78,13.37,13.6,5254906
2023-12-06,13.6,13.78,13.48,13.72,4021667
2023-12-07,13.72,13.78,12.95,13.25,10389415
2023-12-08,13.25,13.31,12.66,12.9,3941795
2023-12-11,12.9,13.25,12.72,13.19,3409348
2023-12-12,11.9,13.25,11.9,13.13,2098533
2023-12-13,13.13,13.37,12.78,12.84,4194134
2023-12-14,13.07,13.31,12.84,12.9,3243464
2023-12-15,12.9,13.48,12.9,13.25,5126636
2023-12-18,13.25,13.37,12.95,13.19,2957155
2023-12-19,13.01,13.54,11.9,13.54,4523894
2023-12-20,13.54,13.66,13.42,13.48,3404029
2023-12-21,12.49,13.54,12.49,13.42,1956603
2023-12-22,13.48,13.66,13.07,13.25,3860740
2023-12-25,13.25,13.42,13.13,13.31,3016877
2023-12-26,12.02,13.42,12.02,13.31,2769519
2023-12-27,13.37,13.6,13.37,13.37,3100056
2023-12-28,12.08,13.48,12.08,13.37,2037485
2023-12-29,13.37,13.42,13.25,13.31,2756602
2024-01-02,13.42,13.48,13.19,13.19,3229161
2024-01-03,13.25,13.31,13.13,13.31,2465601
2024-01-04,13.31,13.72,13.31,13.31,7280670
2024-01-05,13.31,13.48,13.25,13.42,2242669
2024-01-08,13.6,13.72,13.42,13.6,4069195
2024-01-09,13.25,13.72,13.25,13.42,3281245
2024-01-10,13.42,13.54,13.19,13.31,4683816
2024-01-11,13.48,13.95,13.42,13.72,7660532
2024-01-12,13.83,13.95,13.48,13.6,5175104
2024-01-15,13.66,13.83,13.31,13.31,3581489
2024-01-16,13.31,13.66,13.19,13.66,3520288
2024-01-17,13.66,14.36,13.54,13.89,8442930
2024-01-18,12.54,14.19,12.54,13.83,2525148
2024-01-19,13.83,14.07,13.66,13.72,4175529
2024-01-22,13.72,14.13,13.6,14.13,4876795
2024-01-23,14.07,14.24,13.95,14.19,3762568
2024-01-24,14.19,14.6,14.13,14.3,7957239
2024-01-25,14.3,14.54,14.24,14.48,3296553
2024-01-26,14.48,14.6,14.36,14.42,3726580
2024-01-29,14.42,14.54,14.3,14.42,2330371
2024-01-30,14.42,14.6,14.19,14.6,3151121
2024-01-31,14.6,15.36,14.6,15.07,8888387
2024-02-01,15.07,15.18,14.95,15.18,2728806
2024-02-02,15.18,16.12,15.18,15.59,4721308
2024-02-05,15.65,16.06,15.42,15.89,3332957
2024-02-06,16.0,16.06,15.59,15.65,4541794
2024-02-07,15.71,16.0,15.59,15.83,2579347
2024-02-15,15.89,15.94,15.65,15.89,2787788
2024-02-16,15.89,16.24,15.77,15.94,2421731
2024-02-19,15.94,16.06,15.48,15.89,5820290
2024-02-20,16.0,16.3,15.89,16.0,4047297
2024-02-21,16.0,16.0,15.65,15.83,3370436
2024-02-22,15.83,15.89,15.42,15.53,4496686
2024-02-23,15.53,15.83,15.24,15.36,6082657
2024-02-26,15.42,16.47,15.3,16.41,8172877
2024-02-27,16.41,16.65,16.3,16.35,4433464
2024-02-28,16.41,16.47,16.06,16.35,4620900
2024-02-29,16.35,16.71,16.18,16.35,4242483
2024-03-01,16.41,17.18,16.41,16.65,4944699
2024-03-04,16.71,17.06,16.59,16.59,4899194
2024-03-05,16.59,17.23,16.47,17.12,5476117
2024-03-06,17.06,17.29,16.59,17.0,4721171
2024-03-07,17.06,17.47,16.88,17.12,5459637
2024-03-08,17.12,17.23,16.71,16.77,7136845
2024-03-11,16.77,16.88,16.12,16.35,4589757
2024-03-12,16.41,16.59,16.06,16.35,5371628
2024-03-13,16.35,17.35,16.3,17.23,6712893
2024-03-14,17.23,17.76,17.06,17.47,6503159
2024-03-15,17.47,17.53,16.94,17.41,4655948
2024-03-18,17.41,17.47,15.83,16.71,9654573
2024-03-19,16.71,16.77,16.41,16.53,1893063
2024-03-20,16.59,16.82,16.47,16.82,3174542
2024-03-21,16.88,17.35,16.88,17.23,5608431
2024-03-22,17.59,17.59,17.18,17.41,5361484
2024-03-25,17.41,17.53,16.82,17.0,5901436
2024-03-26,16.88,17.18,16.77,17.18,3405145
2024-03-27,17.23,17.47,17.18,17.29,2288120
2024-03-28,17.29,18.05,17.29,18.05,6563448
2024-03-29,18.17,18.17,17.76,17.76,2789378
2024-04-01,17.76,17.88,17.35,17.59,4753195
2024-04-02,17.64,17.82,17.18,17.82,4660777
2024-04-03,18.05,18.11,17.41,17.41,6216096
2024-04-04,17.47,17.47,17.18,17.23,3896641
2024-04-05,17.12,17.23,16.59,16.59,4659266
2024-04-08,16.59,16.82,16.41,16.59,3049339
2024-04-09,16.59,17.18,16.59,17.12,2535578
2024-04-10,17.23,17.23,16.88,16.88,1643826
2024-04-11,16.94,17.06,16.3,17.0,3012006
2024-04-12,17.0,17.41,16.88,17.35,3544810
2024-04-15,17.53,17.76,16.12,16.35,8200712
2024-04-16,16.41,16.71,15.83,16.71,5245141
2024-04-17,16.77,16.82,15.83,15.83,4830573
2024-04-19,15.83,15.89,14.71,15.01,8296590
2024-04-22,15.18,16.24,15.18,16.0,3815864
2024-04-23,16.12,16.24,15.24,15.65,4185200
2024-04-24,14.13,16.35,14.13,16.35,3784307
2024-04-25,16.35,16.35,15.89,16.18,2206840
2024-04-26,16.06,16.06,15.71,15.83,2696093
2024-05-02,15.83,15.83,15.3,15.71,1728478
2024-05-03,15.71,16.06,15.59,15.65,2723362
2024-05-06,15.65,16.41,15.65,16.24,4654622
2024-05-07,16.3,16.35,16.12,16.3,2192606
2024-05-08,16.3,16.82,16.06,16.71,5745110
2024-05-09,16.71,16.88,16.41,16.59,2678046
2024-05-10,16.59,16.77,16.3,16.77,2788115
2024-05-13,16.82,17.18,16.59,17.0,5220161
2024-05-14,17.06,17.12,16.82,16.94,1862734
2024-05-15,17.0,17.82,16.88,17.53,7823065
2024-05-16,17.59,17.88,17.41,17.59,3864445
2024-05-17,17.59,18.93,17.59,18.64,8264068
2024-05-20,18.64,18.99,18.47,18.76,4196466
2024-05-21,18.7,19.23,18.47,19.23,6600512
2024-05-22,19.23,19.58,18.64,19.17,4690661
2024-05-23,18.29,19.46,18.29,19.46,5019434
2024-05-24,19.34,19.46,18.17,18.76,7278386
2024-05-27,18.93,19.34,18.58,19.11,3468910
2024-05-28,19.11,20.17,19.11,20.05,7603260
2024-05-29,20.11,20.11,19.46,19.64,3602765
2024-05-30,19.64,19.87,18.93,19.7,7069558
2024-05-31,19.29,19.81,19.29,19.34,2613025
2024-06-03,19.4,19.81,19.4,19.46,3648702
2024-06-04,19.23,19.99,19.23,19.64,2807497
2024-06-05,19.7,20.22,19.58,19.81,4649430
2024-06-06,19.93,20.05,19.58,19.64,2273703
2024-06-07,19.81,19.87,19.29,19.46,3511439
2024-06-10,19.58,19.93,19.34,19.7,3286277
2024-06-11,19.7,20.34,19.7,20.11,4662544
2024-06-12,19.93,20.52,19.93,20.46,3496148
2024-06-13,20.46,20.69,20.34,20.58,2416485
2024-06-14,20.69,20.87,19.87,19.87,5380626
2024-06-17,19.93,19.93,19.4,19.7,4197484
2024-06-18,19.7,20.11,19.64,20.05,3729383
2024-06-19,20.05,20.17,19.75,20.11,2905382
2024-06-20,20.11,20.28,19.7,20.05,3514892
2024-06-21,20.05,20.52,19.81,20.34,3211528
2024-06-24,20.34,20.34,18.52,18.58,8795350
2024-06-25,18.58,18.93,18.52,18.82,2500120
2024-06-26,18.88,18.93,18.29,18.76,2873999
2024-06-27,18.76,18.76,18.35,18.35,2013780
2024-06-28,18.29,18.76,17.88,18.23,3953504
2024-07-01,18.23,18.64,18.23,18.64,1903011
2024-07-02,18.64,18.88,18.58,18.88,2190726
2024-07-03,18.99,19.05,18.7,18.82,1518494
2024-07-04,18.82,19.17,18.7,18.82,1960025
2024-07-05,18.82,19.29,18.58,19.23,3474411
2024-07-08,19.23,19.93,19.23,19.87,3733053
2024-07-09,19.99,20.22,19.7,19.93,3499514
2024-07-10,19.93,20.05,19.7,19.7,2773637
2024-07-11,19.7,20.58,19.7,20.46,6175248
2024-07-12,20.46,20.81,20.4,20.58,4308483
2024-07-15,20.63,21.04,20.46,20.63,2849407
2024-07-16,20.63,20.93,20.11,20.22,3607324
2024-07-17,20.28,20.93,19.52,20.11,7243994
2024-07-18,20.11,20.52,20.11,20.52,2802516
2024-07-19,20.69,20.99,20.46,20.75,5038827
2024-07-22,20.75,20.81,19.17,19.34,7082134
2024-07-23,19.34,19.7,18.17,18.29,6149569
2024-07-24,18.59,19.02,17.68,18.66,4550010
2024-07-25,18.66,18.66,18.23,18.59,1886247
2024-07-26,18.59,18.9,18.41,18.9,1868981
2024-07-29,18.9,19.2,18.84,18.96,2245307
2024-07-30,18.96,19.02,18.29,18.53,3049763
2024-07-31,18.59,18.84,18.35,18.53,2891069
2024-08-01,18.59,18.72,16.89,17.01,7243217
2024-08-02,15.36,18.23,15.36,18.05,3976824
2024-08-05,18.05,18.05,16.64,17.13,3988096
2024-08-06,17.13,18.17,17.13,17.92,3851464
2024-08-07,17.92,18.05,17.5,17.74,1767266
2024-08-08,17.8,17.92,16.95,17.19,2984385
2024-08-09,17.5,18.11,17.31,17.92,4566874
2024-08-12,17.99,18.05,17.68,18.05,4306783
2024-08-13,19.25,19.25,18.27,18.48,3619835
2024-08-14,18.62,18.83,18.13,18.2,1925828
2024-08-15,18.2,18.34,17.85,17.85,1895394
2024-08-16,16.09,19.32,16.09,19.32,6272958
2024-08-19,19.75,19.75,19.11,19.32,2349831
2024-08-20,19.46,20.03,19.18,19.68,3618469
2024-08-21,19.68,19.82,19.39,19.82,2823838
2024-08-22,19.82,20.17,19.75,20.03,3178550
2024-08-23,19.96,20.38,19.75,20.17,3129066
2024-08-26,20.38,20.52,20.1,20.1,2893333
2024-08-27,20.1,20.17,19.61,20.03,2298053
2024-08-28,20.03,20.17,19.61,19.82,2998406
2024-08-29,19.82,20.03,19.75,19.75,1825203
2024-08-30,19.75,19.82,19.61,19.68,2068422
2024-09-04,19.68,19.68,19.32,19.32,3024930
2024-09-05,19.54,19.68,19.18,19.32,1985577
2024-09-06,19.32,19.39,18.9,19.04,2511684
2024-09-09,18.83,19.11,18.76,18.76,1943158
2024-09-10,18.9,19.04,18.34,18.41,2694256
2024-09-11,18.41,19.18,18.34,19.11,4153773
2024-09-12,19.25,19.25,18.83,18.83,1868118
2024-09-13,18.9,19.39,18.83,19.18,2733057
2024-09-16,19.18,19.25,18.69,18.69,1850270
2024-09-17,18.76,19.32,18.69,19.32,2592608
2024-09-18,19.39,20.1,19.25,19.82,5789645
2024-09-19,19.82,20.1,19.75,19.82,2231569
2024-09-20,20.03,20.31,19.82,19.96,3693202
2024-09-23,19.96,20.66,19.82,20.31,6276280
2024-09-24,20.31,20.8,20.31,20.73,3361283
2024-09-25,20.8,22.14,20.73,21.92,7580333
2024-09-26,21.99,22.42,21.78,22.06,4504216
2024-09-27,22.06,22.7,21.92,22.42,5164434
2024-09-30,22.42,22.49,21.99,22.42,3201246
2024-10-01,22.42,22.84,22.06,22.21,4685292
2024-10-02,22.21,22.56,21.92,22.56,5797263
2024-10-03,22.49,22.7,21.99,22.28,5095219
2024-10-04,22.28,22.35,21.99,21.99,3604882
2024-10-07,21.99,22.28,21.85,22.28,3572419
2024-10-08,22.35,22.35,21.08,21.08,14033329
2024-10-09,20.94,21.43,20.73,21.15,4059917
2024-10-10,19.04,21.36,19.04,20.73,5926488
2024-10-11,20.73,21.08,20.66,20.87,3008158
2024-10-14,20.87,21.15,20.8,21.01,2312165
2024-10-15,20.94,21.08,20.52,20.52,4100538
2024-10-16,20.52,20.73,20.38,20.59,1603144
2024-10-17,20.59,20.87,20.1,20.87,3833460
2024-10-18,20.87,21.22,20.87,20.94,3272144
2024-10-21,20.94,20.94,20.52,20.52,1800727
2024-10-22,20.52,20.66,19.89,20.24,2854731
2024-10-23,20.38,20.45,20.1,20.45,1436368
2024-10-24,20.45,20.52,19.96,19.96,1794322
2024-10-25,19.96,20.17,19.82,19.96,1437688
2024-10-28,19.89,20.24,19.89,20.1,1579194
2024-10-29,20.31,20.31,20.1,20.17,980791
2024-10-30,20.17,20.24,19.75,19.89,1806378
2024-10-31,19.89,20.03,19.61,19.75,1640056
2024-11-01,19.75,19.82,19.39,19.39,2056355
2024-11-04,19.39,20.17,19.25,19.82,2943870
2024-11-05,19.82,20.03,19.82,19.82,1171295
2024-11-06,19.96,20.59,19.96,20.59,3315882
2024-11-07,20.66,20.8,20.45,20.45,2102951
2024-11-08,20.45,20.66,20.24,20.52,2588480
2024-11-11,20.31,20.52,19.32,20.17,2767067
2024-11-12,20.17,20.59,20.1,20.1,2279079
2024-11-13,20.1,20.1,19.61,19.89,2209126
2024-11-14,20.03,20.03,19.04,19.18,2705357
2024-11-15,19.04,19.18,18.34,18.62,4433831
2024-11-18,18.62,19.54,18.41,19.32,3440251
2024-11-19,19.32,19.32,18.76,18.76,1728241
2024-11-20,17.57,19.54,17.57,19.11,2887804
2024-11-21,19.11,19.32,18.97,19.11,1444984
2024-11-22,19.04,19.25,18.9,18.97,2273946
2024-11-25,17.92,19.25,17.92,19.11,1495536
2024-11-26,18.83,19.54,18.48,19.32,2379471
2024-11-27,18.48,19.46,17.43,19.32,1286249
2024-11-28,19.32,19.68,19.18,19.25,1875109
2024-11-29,19.25,19.75,19.18,19.68,3873080
2024-12-02,19.82,20.03,19.61,19.89,1887622
2024-12-03,19.89,19.89,19.54,19.61,2173388
2024-12-04,19.61,19.61,19.11,19.25,3313793
2024-12-05,19.25,21.15,18.9,21.08,10203249
2024-12-06,21.29,21.29,20.8,20.94,3251773
2024-12-09,20.94,21.08,20.66,20.87,4211462
2024-12-10,20.87,20.94,20.59,20.8,2973473
2024-12-11,19.32,20.94,19.32,20.59,3536337
2024-12-12,20.59,20.87,20.45,20.45,2881530
2024-12-13,20.31,20.45,20.1,20.24,3685667
2024-12-16,19.68,20.38,18.83,20.38,1525615
2024-12-17,20.38,20.45,20.17,20.31,1389744
2024-12-18,20.31,20.38,20.17,20.38,1779310
2024-12-19,20.31,20.38,19.82,20.38,3426276
2024-12-20,20.24,20.24,20.1,20.17,1496983
2024-12-23,20.24,20.45,20.17,20.17,1174651
2024-12-24,20.17,20.24,19.75,19.89,2757162
2024-12-25,20.1,20.94,19.89,20.38,4022586
2024-12-26,20.38,20.52,20.24,20.24,1023720
2024-12-27,20.24,20.52,20.17,20.45,2987736
2024-12-30,20.17,20.73,18.83,20.38,1558004
2024-12-31,20.38,20.38,20.1,20.1,2034472
2025-01-02,20.1,20.24,19.96,20.03,1401360
2025-01-03,18.06,20.03,18.06,19.32,3709809
2025-01-06,19.32,19.46,18.9,18.9,2836087
2025-01-07,18.9,19.11,18.69,18.83,1924303
2025-01-08,18.83,19.25,18.69,19.04,2288452
2025-01-09,17.15,19.04,17.15,18.76,1011162
2025-01-10,18.41,18.97,18.27,18.27,2230773
2025-01-13,18.27,18.83,16.72,18.62,2221222
2025-01-14,18.62,18.83,18.48,18.69,1524047
2025-01-15,18.62,18.97,18.48,18.97,1393264
2025-01-16,18.97,19.82,18.97,19.18,2588339
2025-01-17,19.18,19.32,19.04,19.18,1258707
2025-01-20,18.48,19.25,18.48,18.97,1689823
2025-01-21,18.27,19.25,18.27,18.97,1194587
2025-01-22,18.97,19.18,17.29,18.83,1585969
2025-01-23,18.83,19.46,18.83,19.25,2135385
2025-01-24,18.83,19.39,18.83,19.32,1053215
2025-02-03,18.97,19.32,18.97,19.11,1567222
2025-02-04,18.27,19.61,18.27,19.54,2659476
2025-02-05,18.41,19.68,17.64,19.46,890948
2025-02-06,19.46,19.89,19.46,19.54,1817434
2025-02-07,19.54,19.54,19.32,19.39,1321537
2025-02-10,19.39,19.68,19.04,19.46,2963323
2025-02-11,19.04,19.61,18.97,19.46,1089920
2025-02-12,17.57,19.75,17.57,19.32,1910078
2025-02-13,18.97,19.32,18.97,19.25,2033202
2025-02-14,19.32,19.75,19.32,19.32,2949613
2025-02-17,19.39,19.89,19.18,19.46,3435635
2025-02-18,19.68,19.68,19.46,19.54,1644250
2025-02-19,19.68,19.96,19.46,19.89,3587592
2025-02-20,19.96,20.52,19.89,20.24,5841664
2025-02-21,20.24,20.31,19.89,20.03,2715493
2025-02-24,20.03,20.59,19.89,20.59,4853997
2025-02-25,20.66,21.01,20.52,20.87,7064647
2025-02-26,20.8,21.36,20.66,20.87,6037247
2025-02-27,20.94,21.01,20.59,21.01,3994960
2025-02-28,21.01,21.29,20.73,20.87,4658155
2025-03-03,20.87,21.57,20.59,21.22,6817158
2025-03-04,20.87,21.5,20.8,21.36,5146704
2025-03-05,19.25,21.71,19.25,20.94,4169571
2025-03-06,20.94,21.99,20.87,21.78,7672728
2025-03-07,21.92,22.21,21.78,21.92,5270012
2025-03-10,21.78,22.28,21.5,21.78,4426087
2025-03-11,21.64,21.99,21.36,21.85,4999316
2025-03-12,21.85,22.14,21.71,21.71,3255257
2025-03-13,21.71,21.99,21.36,21.5,5577228
2025-03-14,19.39,21.64,19.39,21.43,3028000
2025-03-17,21.5,21.64,21.29,21.57,2258842
2025-03-18,21.64,21.78,21.36,21.36,2173169
2025-03-19,21.36,21.64,21.22,21.5,3523330
2025-03-20,21.36,22.14,21.22,21.71,4337652
2025-03-21,21.43,21.92,21.29,21.71,1921124
2025-03-24,21.43,22.06,21.36,22.06,3550651
2025-03-25,22.06,22.42,21.64,21.85,4798503
2025-03-26,21.85,21.85,21.29,21.36,3639992
2025-03-27,21.36,21.43,21.01,21.08,3607943
2025-03-28,21.08,21.43,20.8,21.08,3569748
2025-03-31,21.15,21.29,20.87,21.01,2718479
2025-04-01,21.29,21.29,20.87,21.15,1664204
2025-04-02,21.15,21.36,21.08,21.15,2526686
2025-04-03,20.8,21.01,19.04,19.04,11624342
2025-04-04,18.13,18.97,17.15,18.97,9459395
2025-04-08,18.97,18.97,17.08,17.08,8215052
2025-04-09,15.39,17.57,15.39,15.67,8283353
2025-04-10,17.22,17.22,17.22,17.22,558768
2025-04-11,18.9,18.9,17.57,18.48,9287166
2025-04-14,18.76,19.11,18.34,19.11,6527615
2025-04-15,18.9,19.11,18.2,18.62,4853119
2025-04-16,18.62,19.18,18.48,18.69,4677133
2025-04-17,18.69,18.83,18.41,18.83,2219221
2025-04-18,18.83,19.61,18.83,18.97,8050211
2025-04-21,19.04,19.11,18.41,18.48,4357952
2025-04-22,18.48,18.76,16.65,18.27,9022330
2025-04-23,18.27,18.97,18.27,18.69,3536832
2025-04-24,18.83,18.97,18.34,18.69,3554616
2025-04-25,18.76,18.9,18.62,18.69,3055237
2025-04-28,18.69,19.04,18.62,18.97,2152665
2025-04-29,18.97,19.04,18.76,18.83,2152892
2025-05-05,18.83,19.18,18.69,18.9,2159422
2025-05-06,18.97,19.32,18.76,18.83,3464844
2025-05-07,18.83,18.83,18.48,18.69,2750515
2025-05-08,18.69,19.04,18.55,18.9,3574335
2025-05-09,18.97,19.04,18.62,18.69,2059177
2025-05-12,18.76,18.9,18.55,18.83,2794932
2025-05-13,18.97,19.39,18.9,19.04,4460068
2025-05-14,19.04,19.39,19.39,19.39,7039563
2025-05-15,19.39,19.54,19.54,19.54,4592629
2025-05-16,19.54,19.82,19.25,19.32,4864484
2025-05-19,19.54,19.54,18.97,19.18,3297398
2025-05-20,19.11,19.46,19.04,19.32,3636895
2025-05-21,19.32,19.54,18.9,19.04,3611556
2025-05-22,19.18,19.32,18.76,18.9,5786775
2025-05-23,18.83,18.97,18.55,18.55,3734429
2025-05-26,18.55,18.9,18.2,18.9,3625766
2025-05-27,17.08,19.11,17.08,18.97,4495964
2025-05-28,19.04,19.39,18.97,18.97,4701575
2025-05-29,19.04,19.18,18.76,18.83,2780499
2025-05-30,18.97,19.39,18.69,18.76,4341264
2025-06-02,18.62,19.04,18.55,19.04,2534961
2025-06-03,19.25,20.31,19.11,20.03,14642028
2025-06-04,20.17,20.17,19.82,19.89,3334871
2025-06-05,19.96,20.03,19.68,19.75,4304681
2025-06-06,19.89,19.89,19.04,19.04,7727040
2025-06-09,19.11,19.11,18.69,18.76,3869312
2025-06-10,18.55,18.97,18.55,18.76,2869712
2025-06-11,18.55,18.9,18.34,18.76,1628158
2025-06-12,18.76,19.04,18.76,18.97,2487744
2025-06-13,19.11,19.11,18.34,18.55,6785595
2025-06-16,18.34,19.04,17.57,19.04,2247485
2025-06-17,19.04,19.18,18.83,18.97,2523166
2025-06-18,18.76,19.11,18.76,18.97,2279890
2025-06-19,18.97,18.97,18.76,18.9,1524820
2025-06-20,18.9,19.18,18.83,18.9,1942814
2025-06-23,18.9,18.9,18.55,18.76,2399218
2025-06-24,18.9,19.46,18.83,19.18,6516368
2025-06-25,19.18,19.25,18.97,19.04,3913523
2025-06-26,18.97,19.04,18.69,18.97,3046627
2025-06-27,18.97,19.11,18.76,18.97,2701399
2025-06-30,18.97,19.25,18.9,18.97,3274272
2025-07-01,18.97,19.11,18.76,18.76,3020420
2025-07-02,18.83,19.82,18.69,19.32,7873863
2025-07-03,19.25,19.75,19.04,19.18,8314554
2025-07-04,19.18,19.61,19.11,19.25,3840242
2025-07-07,19.32,19.82,19.25,19.68,6746821
2025-07-08,19.68,19.96,19.54,19.82,6866737
2025-07-09,19.82,20.66,19.82,20.24,13023601
2025-07-10,20.31,20.45,19.89,19.96,5975664
2025-07-11,19.96,21.08,19.75,20.59,12955217
2025-07-14,20.66,21.29,20.17,20.73,8373906
2025-07-15,20.8,21.5,20.38,20.45,11341375
2025-07-16,20.45,20.8,20.24,20.52,7038482
2025-07-17,20.52,20.94,20.38,20.52,7113087
2025-07-18,20.66,21.92,20.52,21.15,13415920
2025-07-21,21.15,21.64,20.73,20.8,5585099
2025-07-22,20.8,21.36,20.52,21.22,7661699
2025-07-23,21.22,22.06,21.08,21.22,10451715
2025-07-24,21.29,21.36,20.8,21.08,5776328
2025-07-25,21.22,22.49,21.01,22.49,13833274
2025-07-28,22.49,24.74,22.49,24.74,10941019
2025-07-29,25.44,26.42,23.54,23.75,18389750
2025-07-30,23.61,25.86,23.54,25.65,11230589
2025-07-31,25.65,26.28,24.81,25.58,8278852
2025-08-01,25.65,26.14,24.59,24.74,10257782
2025-08-04,24.74,25.37,23.33,25.23,6024702
2025-08-05,25.44,26.7,23.89,25.3,14048663
2025-08-06,25.3,25.72,25.09,25.58,5176903
2025-08-07,25.79,26.14,25.3,25.86,5560639
2025-08-08,26.0,26.63,25.09,25.37,11084554
2025-08-11,25.51,26.0,25.02,25.65,7343901
2025-08-12,25.79,26.0,25.23,25.65,5406408
2025-08-13,25.65,28.18,25.65,28.18,18285931
2025-08-14,29.51,30.99,28.39,30.99,11742942
2025-08-15,31.41,33.03,29.16,30.99,12217868
2025-08-18,30.99,31.48,29.86,30.99,7620623
2025-08-19,32.51,33.16,30.56,30.77,6869569
2025-08-20,31.35,31.35,27.74,29.54,13185949
2025-08-21,29.54,30.99,29.33,29.4,5606596
2025-08-22,29.62,29.98,27.23,27.52,9945267
2025-08-25,27.45,28.89,27.45,27.81,7499848
2025-08-26,27.81,30.48,27.09,30.34,8287248
2025-08-27,30.56,31.06,29.69,29.69,8149238
2025-08-28,29.69,30.05,29.18,29.47,6967413
2025-08-29,29.54,31.78,29.33,30.12,8652162
2025-09-03,30.34,30.41,29.18,29.33,7830723
2025-09-04,29.33,29.69,28.89,29.11,15023528
2025-09-05,29.62,30.7,27.67,27.81,21691307
2025-09-08,27.81,28.1,26.15,26.22,10969291
2025-09-09,26.29,26.94,25.35,26.87,8144092
2025-09-10,27.45,27.67,26.15,26.37,12598942
2025-09-11,26.8,26.8,24.99,26.08,16791509
2025-09-12,26.08,26.51,25.57,25.72,16653794
2025-09-15,25.79,26.94,25.72,26.73,10950572
2025-09-16,26.8,27.45,26.29,26.44,10139809
2025-09-17,26.44,26.51,25.86,25.86,6221088
2025-09-18,25.93,26.22,25.43,25.79,5604744
2025-09-19,25.86,26.15,25.64,25.86,3750885
2025-09-22,26.08,26.08,24.92,25.07,6820720
2025-09-23,25.07,25.5,24.85,24.85,5582322
2025-09-24,27.05,27.13,25.12,26.25,4195504
2025-09-25,26.49,26.89,26.25,26.89,5398869
2025-09-26,26.89,26.89,26.09,26.09,3678604
2025-09-29,26.09,26.49,25.85,26.33,3026578
2025-09-30,26.33,27.53,25.93,27.45,9467188
2025-10-01,27.45,27.77,27.37,27.69,3298401
2025-10-02,27.69,27.77,26.65,26.81,5330357
2025-10-03,26.81,26.81,26.01,26.25,4225747
2025-10-06,26.33,28.66,26.17,28.58,11851681
2025-10-07,28.9,29.06,28.01,28.01,6272124
2025-10-08,28.82,29.46,27.45,28.09,9693381
2025-10-09,28.09,28.66,27.53,27.77,4343535
2025-10-10,28.01,28.34,27.77,28.01,6666762
2025-10-13,27.85,28.01,27.13,27.85,6999509
2025-10-14,27.93,28.82,27.61,27.69,12162751
2025-10-15,27.69,27.85,27.13,27.29,6453485
2025-10-16,27.29,27.61,26.97,27.05,5927283
2025-10-17,27.13,27.61,26.57,26.57,6524338
2025-10-20,26.57,26.89,23.92,23.92,11215733
2025-10-21,23.92,24.64,21.75,23.68,9095929
2025-10-22,23.68,24.08,22.96,23.92,4154477
2025-10-23,23.92,24.08,22.72,23.12,3839205
2025-10-24,23.12,23.52,22.64,23.36,4185717
2025-10-27,23.44,24.72,23.12,23.52,5087445
2025-10-28,23.52,24.24,23.36,24.16,3816980
2025-10-29,24.16,24.8,23.92,24.0,2798834
2025-10-30,24.0,24.16,23.28,23.44,3918113
2025-10-31,23.84,23.84,23.12,23.36,2609617
2025-11-03,23.36,23.52,22.48,22.48,4110735
2025-11-04,22.48,24.56,22.23,24.4,7423219
2025-11-05,24.48,24.48,23.76,23.76,2343207
2025-11-06,23.76,24.16,23.44,23.84,3025714
2025-11-07,23.84,24.0,22.48,22.88,3306268
2025-11-10,22.96,23.92,22.8,23.2,2845646
2025-11-11,23.12,23.84,23.04,23.84,2680117
2025-11-12,23.84,24.24,23.84,24.16,3943626
2025-11-13,24.08,24.24,23.76,23.76,2128204
2025-11-14,23.76,24.24,23.6,24.16,3387011
2025-11-17,24.16,24.64,24.08,24.48,3334738
2025-11-18,24.48,25.04,24.32,24.48,3639128
2025-11-19,24.32,24.48,23.12,23.84,4198435
2025-11-20,23.84,24.0,23.44,23.68,1668714
2025-11-21,23.76,23.76,23.28,23.44,2214924
2025-11-24,23.52,23.76,23.44,23.6,1249252
2025-11-25,23.6,23.68,22.72,22.8,3428155
2025-11-26,22.8,23.92,22.72,23.6,2195298
2025-11-27,23.76,23.84,23.28,23.28,1341045
2025-11-28,23.28,23.44,22.88,22.88,2138878
2025-12-01,22.88,23.2,22.72,22.72,1364263
2025-12-02,22.88,23.12,22.23,22.88,3241246
2025-12-03,22.88,23.36,22.23,23.2,2003308
2025-12-04,23.2,23.76,23.2,23.6,3841004
2025-12-05,23.68,23.76,23.04,23.12,3016318
2025-12-08,23.12,23.36,22.72,22.8,2034541
2025-12-09,22.88,22.88,21.91,22.48,4952415
2025-12-10,22.56,22.72,22.32,22.4,1875553
2025-12-11,22.48,22.72,22.4,22.4,1078089
2025-12-12,20.95,22.72,20.95,21.11,4264134
2025-12-15,21.19,21.59,20.87,21.19,2961836
2025-12-16,21.19,22.4,20.31,21.91,5157244
2025-12-17,21.99,21.99,21.35,21.35,1879802
2025-12-18,21.35,21.35,20.71,20.95,3772070
2025-12-19,20.95,21.27,20.87,21.19,2372253
2025-12-22,21.19,21.67,21.19,21.51,3528987
2025-12-23,21.51,21.75,21.27,21.27,3031337
2025-12-24,21.27,21.67,21.03,21.51,2937084
2025-12-25,21.51,21.83,21.19,21.19,3117432
2025-12-26,21.19,21.35,20.47,21.03,3956787
2025-12-29,21.03,21.27,20.87,21.03,2036007
2025-12-30,21.03,21.19,20.87,20.95,1251264
2025-12-31,20.87,21.11,20.79,20.87,1401988
2026-01-05,20.87,20.95,19.67,20.15,4701883
2026-01-06,19.43,20.95,19.26,20.63,4260453
2026-01-07,20.71,21.11,20.55,20.87,3734560
2026-01-08,20.87,21.43,20.87,21.03,5843491
2026-01-09,21.03,21.51,20.95,21.03,4773943
2026-01-12,21.03,23.04,20.95,22.96,14407882
2026-01-13,23.04,23.52,22.23,22.48,10613291
2026-01-14,22.56,22.72,21.75,22.32,9247467
2026-01-15,22.32,22.88,21.83,22.23,6901160
2026-01-16,22.4,22.48,21.67,21.99,5864962
2026-01-19,21.99,22.4,21.99,22.07,4425346
2026-01-20,22.07,22.32,21.67,21.75,6366481
2026-01-21,21.75,21.75,20.71,21.11,8690205
2026-01-22,21.11,21.59,20.87,21.27,5583742
2026-01-23,21.27,21.83,21.27,21.27,4661571
2026-01-26,21.51,21.67,20.79,20.95,4542875
2026-01-27,20.95,21.19,20.15,20.95,2750202
2026-01-28,20.95,21.11,20.71,21.03,3609852
2026-01-29,21.03,21.27,20.95,21.19,1850983
2026-01-30,21.03,21.51,21.03,21.27,3022557
2026-02-02,21.27,21.59,21.03,21.11,3029166
2026-02-03,21.11,21.51,21.11,21.27,3705799
2026-02-04,21.51,22.07,21.27,21.67,7027357
2026-02-05,21.67,21.99,21.35,21.35,2893448
2026-02-06,21.35,21.35,20.63,20.63,5627487
2026-02-09,20.63,21.03,20.63,20.63,1766868
2026-02-10,20.63,21.03,20.55,20.79,2244735
2026-02-11,20.63,21.51,20.63,21.35,3964129
2026-02-12,21.35,21.59,21.27,21.43,1553714
2026-02-13,21.43,21.67,21.27,21.51,3488460
2026-02-23,21.51,21.91,21.43,21.83,3199805
2026-02-24,21.83,22.48,21.27,22.07,7281362
2026-02-25,22.07,22.32,21.91,22.07,4992231
2026-02-26,22.07,22.32,21.75,21.91,3928765
2026-02-27,22.23,22.48,21.75,22.15,5526028
2026-03-02,22.15,22.23,20.71,21.27,8892719
2026-03-03,21.27,22.48,21.19,21.59,7616142
2026-03-04,21.67,22.4,20.79,22.4,9376187
2026-03-05,23.28,24.16,22.56,22.88,21804127
2026-03-06,22.88,22.96,21.67,21.67,9457169
2026-03-09,21.59,21.67,19.51,19.51,11402019
2026-03-10,19.51,20.79,17.66,19.83,15486675
2026-03-11,19.99,20.95,19.75,20.55,5517926
2026-03-12,20.55,20.87,19.59,19.83,7036139
2026-03-13,17.98,19.99,17.98,19.67,5704425
2026-03-16,19.67,20.23,19.35,19.83,2864443
2026-03-17,20.07,20.55,19.83,19.83,4312676
2026-03-18,19.99,20.15,19.35,19.59,3459240
2026-03-19,19.59,19.59,18.54,18.86,6666321
2026-03-20,18.06,19.26,17.02,18.94,3158613
2026-03-23,19.02,19.02,17.42,17.74,5956195
2026-03-24,18.3,18.86,18.06,18.38,2772659
2026-03-25,18.86,19.18,18.38,18.94,4333263
2026-03-26,19.1,19.1,18.46,18.54,3064650
2026-03-27,18.54,19.35,17.98,19.18,4746676
2026-03-30,18.46,19.02,18.46,18.94,3840340
2026-03-31,19.02,19.75,19.02,19.35,8541652
2026-04-01,19.67,20.47,19.67,19.67,12058372
2026-04-02,20.5,20.7,19.9,20.2,4991450
2026-04-03,20.2,20.6,19.8,20.0,3559164
2026-04-06,20.6,20.6,19.5,19.5,4468621
2026-04-07,19.5,20.0,18.5,20.0,2402792
2026-04-08,20.9,21.6,20.5,21.4,8806545
2026-04-09,21.4,21.6,20.7,21.0,3117831
2026-04-10,21.0,21.3,20.8,20.8,3516803
2026-04-13,20.8,21.0,20.4,20.6,3927101
2026-04-14,20.6,21.1,20.6,20.7,2572021
2026-04-15,20.5,21.0,20.5,20.7,3703242
2026-04-16,20.7,20.8,20.3,20.4,2742700
2026-04-17,20.4,20.9,20.3,20.3,2430600
2026-04-20,20.3,20.5,20.2,20.3,2702000
2026-04-21,20.3,20.5,20.0,20.0,3218800
2026-04-22,20.0,20.2,19.8,19.8,2331500
2026-04-23,20.0,20.1,19.6,19.6,3551000
2026-04-24,19.7,19.8,19.5,19.6,2033400
2026-04-28,19.6,19.8,19.5,19.5,1905900
2026-04-29,19.5,19.6,19.4,19.4,3014600
2026-05-04,19.4,19.7,19.3,19.4,3445200
2026-05-05,19.4,19.6,19.0,19.2,3025500
2026-05-06,19.3,20.0,19.2,19.7,4669500
2026-05-07,19.8,20.0,19.5,19.6,2173500
2026-05-08,19.8,19.8,19.4,19.5,2084500
2026-05-11,19.5,19.9,19.3,19.5,2985100
2026-05-12,19.5,19.6,19.4,19.4,1642000
2026-05-13,19.5,19.6,19.2,19.4,2710700
2026-05-14,19.4,19.6,19.3,19.3,1549300
2026-05-15,19.4,19.6,19.3,19.4,1980300
2026-05-18,19.4,20.2,18.5,20.1,9510500
2026-05-19,20.3,20.6,19.8,19.9,3769700
2026-05-20,19.9,19.9,18.8,19.4,4333200
2026-05-21,19.6,19.6,19.2,19.3,3262900
2026-05-22,19.3,20.1,19.1,19.7,4134300
2026-05-25,19.2,20.0,19.2,19.7,2067000
2026-05-26,19.7,20.4,19.6,20.4,7017800
2026-05-27,20.5,20.5,20.1,20.3,2378800
2026-05-28,18.5,20.5,18.5,19.9,3282000
2026-05-29,19.9,20.2,19.8,19.9,3190700
2026-06-01,19.9,20.4,19.8,20.1,2608800
2026-06-02,20.0,20.2,19.5,19.6,2435100
2026-06-03,19.5,20.2,19.3,19.9,3498300
2026-06-04,19.9,20.2,19.7,20.0,1957800
2026-06-05,20.0,20.2,19.8,19.8,1768400
2026-06-08,19.8,19.8,19.0,19.2,4918200
2026-06-09,19.2,19.3,18.9,19.1,3242800
2026-06-10,19.1,19.4,19.0,19.2,1144400
2026-06-11,19.2,19.4,19.0,19.0,1461100
2026-06-12,18.8,19.4,18.8,19.2,2248400
2026-06-15,19.2,20.1,19.1,20.0,6579600
2026-06-16,20.0,21.3,19.8,20.9,11771900
2026-06-17,20.7,21.4,20.6,20.8,4308000
2026-06-18,20.5,21.1,20.5,20.6,4582500
2026-06-19,20.7,21.2,20.3,20.6,4975100
2026-06-22,20.8,20.9,20.4,20.7,3187600
2026-06-23,20.7,21.1,20.2,20.3,5882600
2026-06-24,20.3,20.4,19.8,20.0,3357600
2026-06-25,20.0,20.2,19.7,19.7,2228300
2026-06-26,19.7,19.8,19.4,19.6,2607600
2026-06-29,19.6,20.0,19.5,20.0,1763900
